,id,bio,short_bio,coach_type,is_filterable,is_instructor_group,is_visible,is_announced,list_order,featured_profile,film_link,facebook_fan_page,music_bio,spotify_playlist_uri,background,ordered_q_and_as,instagram_profile,strava_profile,twitter_profile,quote,username,name,first_name,last_name,user_id,life_style_image_url,bike_instructor_list_display_image_url,web_instructor_list_display_image_url,ios_instructor_list_display_image_url,about_image_url,image_url,jumbotron_url,jumbotron_url_dark,jumbotron_url_ios,web_instructor_list_gif_image_url,instructor_hero_image_url,workout_share_images,fitness_disciplines
0,b8c2734e18a7496fa146b3a42465da67,"To Aditi, yoga goes beyond movement and can bring freedom and joy into life. Having lived and practiced yoga in India and NYC, Aditi’s style of teaching is anchored in tradition, creativity, fun, and flowing, challenging her students to grow from the inside out. She has been named one of NYC’s best instructors, led exciting events like a live 2000+ person class in Time Square, and helped to launch Peloton Yoga and Meditation in 2018! Deeply connected to storytelling and music, Aditi shines when teaching artist series classes, and her own signature series Flow and Let Go.",,peloton_coach,True,False,True,True,10,True,,,,spotify:playlist:471M1nOj0kuv8tqqmSwSDy,"Yoga is a practice that allows us to thread together the external with the internal - the physical workings with the mental, emotional, spiritual.","[['How Do You Motivate?', 'Yoga is a direction - you are aiming for a posture. You don’t have to get there today, but you do have to start, you do have to try. When I began practicing, I could not get my hands to the ground.'], ['Outside of Peloton ', 'I’m a total nerd about health and love to read about science. I also love to travel the world and I lived in Mumbai for a few years and love it there. I’ve climbed Kilimanjaro, and love to trek and hike.'], ['', '']]",,,,Practice makes progress.,aditishah,Aditi Shah,Aditi,Shah,b3ddf2fd15d8437db6d96ceb1ca43f99,https://s3.amazonaws.com/workout-metric-images-prod/0ff6d91c3cec425882bed078aee539ae,,https://s3.amazonaws.com/workout-metric-images-prod/2ca51b4cc6da4200adab14c181a4645d,https://s3.amazonaws.com/workout-metric-images-prod/bf3b2a5c1ff347a9b9d4ca400e5a59b4,https://s3.amazonaws.com/workout-metric-images-prod/0acb1423a9fe466d9b1634a9e76a5c56,https://s3.amazonaws.com/workout-metric-images-prod/1cea90b5eb3f45c3b0b6559a1f5de5f4,,https://s3.amazonaws.com/workout-metric-images-prod/372a69ac9a16497fbca5aedc679999b4,https://s3.amazonaws.com/workout-metric-images-prod/0c9593d418e642ecaf2fdf0a2cb94be5,,https://s3.amazonaws.com/workout-metric-images-prod/410685797c3c4303b61a138a21e7e1f6,"[{'fitness_discipline': 'bike_bootcamp', 'image_url': 'https://strava-default-images.s3-us-west-2.amazonaws.com/workout_share_image/default.png'}, {'fitness_discipline': 'caesar', 'image_url': 'https://strava-default-images.s3-us-west-2.amazonaws.com/workout_share_image/default.png'}, {'fitness_discipline': 'caesar_bootcamp', 'image_url': 'https://strava-default-images.s3-us-west-2.amazonaws.com/workout_share_image/default.png'}, {'fitness_discipline': 'cardio', 'image_url': 'https://strava-default-images.s3-us-west-2.amazonaws.com/workout_share_image/default.png'}, {'fitness_discipline': 'circuit', 'image_url': 'https://strava-default-images.s3-us-west-2.amazonaws.com/workout_share_image/default.png'}, {'fitness_discipline': 'cycling', 'image_url': 'https://strava-default-images.s3-us-west-2.amazonaws.com/workout_share_image/default.png'}, {'fitness_discipline': 'meditation', 'image_url': 'https://s3.amazonaws.com/workout-metric-images-prod/32d8ec7be264470bba71ef70df4ec3dc'}, {'fitness_discipline': 'running', 'image_url': 'https://strava-default-images.s3-us-west-2.amazonaws.com/workout_share_image/default.png'}, {'fitness_discipline': 'strength', 'image_url': 'https://strava-default-images.s3-us-west-2.amazonaws.com/workout_share_image/default.png'}, {'fitness_discipline': 'stretching', 'image_url': 'https://strava-default-images.s3-us-west-2.amazonaws.com/workout_share_image/default.png'}, {'fitness_discipline': 'walking', 'image_url': 'https://strava-default-images.s3-us-west-2.amazonaws.com/workout_share_image/default.png'}, {'fitness_discipline': 'yoga', 'image_url': 'https://s3.amazonaws.com/workout-metric-images-prod/80cfbfdc29c7424f9ce3c489e23f075b'}]","['meditation', 'yoga']"
1,f962a2b1b34d424cabab73bef81bc8db,"Adrian is a powerhouse instructor with an unexpected tender side. A native New Yorker with bold Bronx energy, Adrian is a competitive sprinter—but he’s not all speed and strength. Adrian's lighthearted sense of humor is what really shines through his coaching. His goal is to encourage others and bring joy through fitness. When he’s not at the gym, you can find Adrian perfecting his craft behind the camera. Adrian is a passionate photographer and finds peace in the creative process.","Adrian is a powerhouse instructor with an unexpected tender side. A native New Yorker with bold Bronx energy, Adrian is a competitive sprinter—but he’s not all speed and strength. His lighthearted sense of humor shines through his coaching.",peloton_coach,True,False,True,True,11,True,,,,spotify:playlist:0NsytVrJeDQ6jEQBZcHHGu,"Working out should feel good! My goal is to empower people to form healthy habits to carry with them for the rest of their lives. I will challenge you, then hit you with positivity. At the end of the day, I want to bring you joy!","[['How Do You Motivate?', 'I encourage you to embrace being uncomfortable. That’s where growth happens. I try not to take myself too seriously, though. My workouts are tough, but I like to lead with humor. I want you to leave with a smile!'], ['Outside of Peloton', 'Photography has been a growing passion of mine. Fitness requires so much energy, and photography helps me slow down and appreciate small moments. I also love to cook too, because I love to eat!'], ['', '']]",,,,“Never give up because great things take time.”,nooneissafe,Adrian Williams,Adrian,Williams,8bb5f9c485a543c681e903bf9bb01019,https://s3.amazonaws.com/workout-metric-images-prod/470ba0ef2d9d4cc5b9c2b08f0defa992,,https://s3.amazonaws.com/workout-metric-images-prod/de5c47c811b644adb78ecd32ff34ffce,https://s3.amazonaws.com/workout-metric-images-prod/ddac93596ff3493b87fb5860f828015c,https://s3.amazonaws.com/workout-metric-images-prod/f051b283f1fe4d4b9e755758a647b96d,https://s3.amazonaws.com/workout-metric-images-prod/c62abcd9ef694a3fb54b7c5b8a8cca91,,https://s3.amazonaws.com/workout-metric-images-prod/b675c44c734f4bf5bb5479f084b83aa3,https://s3.amazonaws.com/workout-metric-images-prod/6487e119a3d342d482ed5c8853a20fe0,,https://s3.amazonaws.com/workout-metric-images-prod/7709c62b521945c1af35e36dda2e9782,"[{'fitness_discipline': 'bike_bootcamp', 'image_url': 'https://strava-default-images.s3-us-west-2.amazonaws.com/workout_share_image/default.png'}, {'fitness_discipline': 'caesar', 'image_url': 'https://strava-default-images.s3-us-west-2.amazonaws.com/workout_share_image/default.png'}, {'fitness_discipline': 'caesar_bootcamp', 'image_url': 'https://strava-default-images.s3-us-west-2.amazonaws.com/workout_share_image/default.png'}, {'fitness_discipline': 'cardio', 'image_url': 'https://strava-default-images.s3-us-west-2.amazonaws.com/workout_share_image/default.png'}, {'fitness_discipline': 'circuit', 'image_url': 'https://strava-default-images.s3-us-west-2.amazonaws.com/workout_share_image/default.png'}, {'fitness_discipline': 'cycling', 'image_url': 'https://strava-default-images.s3-us-west-2.amazonaws.com/workout_share_image/default.png'}, {'fitness_discipline': 'meditation', 'image_url': 'https://strava-default-images.s3-us-west-2.amazonaws.com/workout_share_image/default.png'}, {'fitness_discipline': 'running', 'image_url': 'https://strava-default-images.s3-us-west-2.amazonaws.com/workout_share_image/default.png'}, {'fitness_discipline': 'strength', 'image_url': 'https://strava-default-images.s3-us-west-2.amazonaws.com/workout_share_image/default.png'}, {'fitness_discipline': 'stretching', 'image_url': 'https://strava-default-images.s3-us-west-2.amazonaws.com/workout_share_image/default.png'}, {'fitness_discipline': 'walking', 'image_url': 'https://strava-default-images.s3-us-west-2.amazonaws.com/workout_share_image/default.png'}, {'fitness_discipline': 'yoga', 'image_url': 'https://strava-default-images.s3-us-west-2.amazonaws.com/workout_share_image/default.png'}]","['caesar', 'caesar_bootcamp', 'cardio', 'circuit', 'running', 'strength', 'stretching', 'walking']"
2,15f01c9145de4d21b58c1a3e4e44a486,"I foolishly thought that rowing was like running—just on the water instead of on the track—and hopped in a boat my freshman year. Fortunately, I've never been so happy to be so wrong. I was hooked from that first moment and have dedicated the last 15 years to this sport. I can't wait to share my enthusiasm for rowing with the Peloton community.","Alex comes to Peloton Row via the World Championships and the Olympics—but you’ll never meet a more humble, enthusiastic guy. When you row with Alex, you’re guaranteed to learn something new.",peloton_coach,True,False,True,True,13,True,,,,spotify:playlist:4EWrh5qpwFVRr8zGwrUj9E,,"[['How do you motivate? ', ""I never want Members to feel like they have to get through class. I want you to feel that it's an opportunity to push for a little more and find out something about yourself.""], ['Outside of Peloton? ', 'In my time away from the studio, you can find me scoping out the best new Thai food in town, listening to phenomenal movie soundtracks, or building classic LEGO sets—there is always more space in the apartment!'], ['', '']]",,,,“It doesn’t matter what I do—it matters what I bring out in other people.”,APelo_K,Alex Karwoski,Alex,Karwoski,465c8fe6273e4c6881eeb6503a4fd374,https://s3.amazonaws.com/workout-metric-images-prod/de2d1bbc21824a9f81801b081e45f891,,https://s3.amazonaws.com/workout-metric-images-prod/7c9249dadfc04eb5ab5761a4019872e3,https://s3.amazonaws.com/workout-metric-images-prod/c3de9550762e4ae4b8a5974e632ee2b6,https://s3.amazonaws.com/workout-metric-images-prod/683b4edc13cc4a0b84eb219e45001e6b,https://s3.amazonaws.com/workout-metric-images-prod/3f2723f9f323499ca944333617729fad,,,https://s3.amazonaws.com/workout-metric-images-prod/2fc320ec7d4944c8a030ae19ab51dff1,,https://s3.amazonaws.com/workout-metric-images-prod/4994b7cf36b84c82b10fd9ba7199b283,"[{'fitness_discipline': 'bike_bootcamp', 'image_url': 'https://strava-default-images.s3-us-west-2.amazonaws.com/workout_share_image/default.png'}, {'fitness_discipline': 'caesar', 'image_url': 'https://strava-default-images.s3-us-west-2.amazonaws.com/workout_share_image/default.png'}, {'fitness_discipline': 'caesar_bootcamp', 'image_url': 'https://strava-default-images.s3-us-west-2.amazonaws.com/workout_share_image/default.png'}, {'fitness_discipline': 'cardio', 'image_url': 'https://strava-default-images.s3-us-west-2.amazonaws.com/workout_share_image/default.png'}, {'fitness_discipline': 'circuit', 'image_url': 'https://strava-default-images.s3-us-west-2.amazonaws.com/workout_share_image/default.png'}, {'fitness_discipline': 'cycling', 'image_url': 'https://strava-default-images.s3-us-west-2.amazonaws.com/workout_share_image/default.png'}, {'fitness_discipline': 'meditation', 'image_url': 'https://strava-default-images.s3-us-west-2.amazonaws.com/workout_share_image/default.png'}, {'fitness_discipline': 'running', 'image_url': 'https://strava-default-images.s3-us-west-2.amazonaws.com/workout_share_image/default.png'}, {'fitness_discipline': 'strength', 'image_url': 'https://strava-default-images.s3-us-west-2.amazonaws.com/workout_share_image/default.png'}, {'fitness_discipline': 'stretching', 'image_url': 'https://strava-default-images.s3-us-west-2.amazonaws.com/workout_share_image/default.png'}, {'fitness_discipline': 'walking', 'image_url': 'https://strava-default-images.s3-us-west-2.amazonaws.com/workout_share_image/default.png'}, {'fitness_discipline': 'yoga', 'image_url': 'https://strava-default-images.s3-us-west-2.amazonaws.com/workout_share_image/default.png'}]",['caesar']
3,2e57092bee334c8c8dcb9fe16ba5308c,"Alex Toussaint has a love for fitness, teamwork and discipline rooted in his military school background. With his eye always on the prize, Alex uses the power of positivity to motivate Members to confront their limitations and push past them. In his class, you can expect a well-structured ride, and to walk out feeling his mantra in your bones: “Feel good, look good, do better.” ","""Feel good. Look good. Do better! 
… Trust the Process!""
",peloton_coach,True,False,True,True,14,True,,https://www.facebook.com/alextoussaintfitness/,Check out a sample of Alex’s current class playlist.,spotify:playlist:1xVuDU0GOGaUcijQTHXBSe,I approach all my classes like it might be my last one. Watching Members become the best version of themselves truly inspires me to give it my all every ride I teach.,"[['How Do You Motivate?', 'Using my military background, I push my Members to their full potential at all times. I want Members to approach my workout like an athlete, and leave feeling like a champion.\r\n'], ['Outside of Peloton', ""When I’m off the Bike I’m on the basketball court or gym. Fitness isn't just my hobby, it’s my life!""], ['', '']]",,,,"Feel good. Look good. Do better! 
… Trust the Process!",AlexToussaint,Alex Toussaint,Alex,Toussaint,f42d9968258c4877b8aea54cbe51ad77,https://s3.amazonaws.com/workout-metric-images-prod/ed338e46f7e746409a7e0a2d28ddedda,,https://s3.amazonaws.com/workout-metric-images-prod/d7dd0a8a04d942a3bee496734db8ce90,https://s3.amazonaws.com/workout-metric-images-prod/c342814dcfd042e59a4fe80f0b7c85bb,https://s3.amazonaws.com/workout-metric-images-prod/40f1a0fe2bca4fc2a589a4ee59618230,https://s3.amazonaws.com/workout-metric-images-prod/c24c3f79806948af9cd7fc32ba17cf98,,https://s3.amazonaws.com/workout-metric-images-prod/8d495154ef6949518f25c13ad77ecf37,https://s3.amazonaws.com/workout-metric-images-prod/86f9fe208dc847349c177d5a8beae2fa,,https://s3.amazonaws.com/workout-metric-images-prod/bd958ccb277843bfb4229d0438b97066,"[{'fitness_discipline': 'bike_bootcamp', 'image_url': 'https://strava-default-images.s3-us-west-2.amazonaws.com/workout_share_image/default.png'}, {'fitness_discipline': 'caesar', 'image_url': 'https://strava-default-images.s3-us-west-2.amazonaws.com/workout_share_image/default.png'}, {'fitness_discipline': 'caesar_bootcamp', 'image_url': 'https://strava-default-images.s3-us-west-2.amazonaws.com/workout_share_image/default.png'}, {'fitness_discipline': 'cardio', 'image_url': 'https://workout-metric-images-prod.s3.amazonaws.com/0463c29c98ca458c8e20727f4f5fb1fb'}, {'fitness_discipline': 'circuit', 'image_url': 'https://strava-default-images.s3-us-west-2.amazonaws.com/workout_share_image/default.png'}, {'fitness_discipline': 'cycling', 'image_url': 'https://s3.amazonaws.com/workout-metric-images-prod/b6ac64936f834717bf75ab4745c2f3f2'}, {'fitness_discipline': 'meditation', 'image_url': 'https://strava-default-images.s3-us-west-2.amazonaws.com/workout_share_image/default.png'}, {'fitness_discipline': 'running', 'image_url': 'https://strava-default-images.s3-us-west-2.amazonaws.com/workout_share_image/default.png'}, {'fitness_discipline': 'strength', 'image_url': 'https://workout-metric-images-prod.s3.amazonaws.com/85769602198f472e96fac967e9f33ba0'}, {'fitness_discipline': 'stretching', 'image_url': 'https://strava-default-images.s3-us-west-2.amazonaws.com/workout_share_image/default.png'}, {'fitness_discipline': 'walking', 'image_url': 'https://strava-default-images.s3-us-west-2.amazonaws.com/workout_share_image/default.png'}, {'fitness_discipline': 'yoga', 'image_url': 'https://strava-default-images.s3-us-west-2.amazonaws.com/workout_share_image/default.png'}]","['cycling', 'running']"
4,731d7b7f6b414a49892c21f01e25317d,"As a model, dancer, certified health coach, host of the Brooklyn Nets, runner, and the founder of fitness lifestyle brand Love Squad, Ally really does it all. At Peloton as in all of her pursuits, Ally’s goal is to lead by example while empowering people to approach wellness and fitness in a positive light. When she’s not on the Peloton Bike, you can find her flexing her entrepreneurial muscles, or enjoying a good doughnut. ","They say the early bird gets the worm, but the early bird only gets whatever is left over from the hustlers.",peloton_coach,True,False,True,True,15,True,,https://www.facebook.com/allylovepeloton/,Check out a sample of Ally’s current class playlist.,spotify:playlist:6LyU7lstAG4DizgHdpMyw8,"My life goal is to remind the world that we all have one life to live, and together we should live it to the fullest. I believe that what connects us most is the power of sweat, and physically working through things as a team.","[['How Do You Motivate?', 'We ride to become boss of the Bike and to remind ourselves that we are the boss of our lives. My classes are designed to make you feel proud and uplifted, both on and off the bike.'], ['Outside of Peloton', ""I always try find the right balance of fun and work, knowing they don't have to be different things. Off the Bike I love donuts, tennis, basketball, karaoke and parties.""], ['', '']]",,,,"They say the early bird gets the worm, but the early bird only gets whatever is left over from the hustlers.",AllyMissLove,Ally Love,Ally,Love,2c094f455ec64611baf612dfdef1f6a7,https://s3.amazonaws.com/workout-metric-images-prod/5b812e410b5a4ab4b8573ab2b1e2b5ad,,https://s3.amazonaws.com/workout-metric-images-prod/747e496370f04f89a71a288ba781a3d5,https://s3.amazonaws.com/workout-metric-images-prod/2b1027db53cc48c0bcc2e999ac224ae8,https://s3.amazonaws.com/workout-metric-images-prod/c9dc8874b5f5431cb49e57fcfd09abf4,https://s3.amazonaws.com/workout-metric-images-prod/85182219e21c43b39aa1251dd8f12adb,,https://s3.amazonaws.com/workout-metric-images-prod/dd54b4c0f14e4cde84ed04a5562e0708,https://s3.amazonaws.com/workout-metric-images-prod/66e9c17e00344d5aa4c6eb5d01fbb1bf,,https://s3.amazonaws.com/workout-metric-images-prod/10ffe17da2334080a45f77d0cb239325,"[{'fitness_discipline': 'bike_bootcamp', 'image_url': 'https://strava-default-images.s3-us-west-2.amazonaws.com/workout_share_image/default.png'}, {'fitness_discipline': 'caesar', 'image_url': 'https://strava-default-images.s3-us-west-2.amazonaws.com/workout_share_image/default.png'}, {'fitness_discipline': 'caesar_bootcamp', 'image_url': 'https://strava-default-images.s3-us-west-2.amazonaws.com/workout_share_image/default.png'}, {'fitness_discipline': 'cardio', 'image_url': 'https://s3.amazonaws.com/workout-metric-images-prod/8573b6b8cdaf4cc392a2de1683ea0d75'}, {'fitness_discipline': 'circuit', 'image_url': 'https://strava-default-images.s3-us-west-2.amazonaws.com/workout_share_image/default.png'}, {'fitness_discipline': 'cycling', 'image_url': 'https://s3.amazonaws.com/workout-metric-images-prod/b9713ff0911d4eb2862cd7dbcb05ed76'}, {'fitness_discipline': 'meditation', 'image_url': 'https://strava-default-images.s3-us-west-2.amazonaws.com/workout_share_image/default.png'}, {'fitness_discipline': 'running', 'image_url': 'https://strava-default-images.s3-us-west-2.amazonaws.com/workout_share_image/default.png'}, {'fitness_discipline': 'strength', 'image_url': 'https://s3.amazonaws.com/workout-metric-images-prod/8573b6b8cdaf4cc392a2de1683ea0d75'}, {'fitness_discipline': 'stretching', 'image_url': 'https://s3.amazonaws.com/workout-metric-images-prod/8573b6b8cdaf4cc392a2de1683ea0d75'}, {'fitness_discipline': 'walking', 'image_url': 'https://strava-default-images.s3-us-west-2.amazonaws.com/workout_share_image/default.png'}, {'fitness_discipline': 'yoga', 'image_url': 'https://strava-default-images.s3-us-west-2.amazonaws.com/workout_share_image/default.png'}]",['cycling']
5,c9fa21c2004c4544a7c35c28a6196c77,"Andy takes a technique-centered approach to fitness, drawing on his experience as an accomplished former gymnast and pole vaulter in his home state of Connecticut. A celebrated personal trainer in NYC before joining Peloton, Andy is inspired by the world-class fitness and strength coaches who taught him, and brings his breadth of training knowledge to every workout.","""Fight Fatigue with Focus.""",peloton_coach,True,False,True,True,16,True,,https://www.facebook.com/AndySpeerPeloton/,,spotify:playlist:5A0oz7QUqSTV7JIAWKiLeM,"My inspiration for teaching is rooted in helping others improve their lives through fitness, as other coaches have done for me, now it’s my turn to pay it forward.","[['How Do You Motivate?', 'I want members to approach my class with an intent to be challenged and grow. I focus on technique and ensure that there is a purpose behind everything I ask of you.'], ['Outside of Peloton', 'My training also includes gymnastics, kettlebells, Olympic weightlifting, Muay Thai kickboxing, and yoga. I also enjoy watching documentaries, meditation, reading, and listening to Podcasts.'], ['', '']]",,,,Fight Fatigue with Focus.,ASpeer,Andy Speer,Andy,Speer,1983bc74b89c403db8876500b1895573,https://s3.amazonaws.com/workout-metric-images-prod/8411c574a4104025ab2916d8ee54edab,,https://s3.amazonaws.com/workout-metric-images-prod/a3a346200ad74a70a7c5b9befdec0ca7,https://s3.amazonaws.com/workout-metric-images-prod/eaabe8c22f604b54aea5302f7ad28be7,https://s3.amazonaws.com/workout-metric-images-prod/4a54f450fb044bdeabb8b477ec9d9d5c,https://s3.amazonaws.com/workout-metric-images-prod/f2141244bb4048958bc74f2a45393333,,https://s3.amazonaws.com/workout-metric-images-prod/bdc979610ef744d59b638e0755d39e6e,https://s3.amazonaws.com/workout-metric-images-prod/4b8f1b159b514174987482648104ece7,,https://s3.amazonaws.com/workout-metric-images-prod/730914f14b8c43d5b26e916beeffbbeb,"[{'fitness_discipline': 'bike_bootcamp', 'image_url': 'https://strava-default-images.s3-us-west-2.amazonaws.com/workout_share_image/default.png'}, {'fitness_discipline': 'caesar', 'image_url': 'https://strava-default-images.s3-us-west-2.amazonaws.com/workout_share_image/default.png'}, {'fitness_discipline': 'caesar_bootcamp', 'image_url': 'https://strava-default-images.s3-us-west-2.amazonaws.com/workout_share_image/default.png'}, {'fitness_discipline': 'cardio', 'image_url': 'https://s3.amazonaws.com/workout-metric-images-prod/ee64fd9af8e04d08a5f3b74ec6480098'}, {'fitness_discipline': 'circuit', 'image_url': 'https://s3.amazonaws.com/workout-metric-images-prod/45794c9b8f13472f82d4cdff4367529b'}, {'fitness_discipline': 'cycling', 'image_url': 'https://strava-default-images.s3-us-west-2.amazonaws.com/workout_share_image/default.png'}, {'fitness_discipline': 'meditation', 'image_url': 'https://strava-default-images.s3-us-west-2.amazonaws.com/workout_share_image/default.png'}, {'fitness_discipline': 'running', 'image_url': 'https://s3.amazonaws.com/workout-metric-images-prod/45794c9b8f13472f82d4cdff4367529b'}, {'fitness_discipline': 'strength', 'image_url': 'https://s3.amazonaws.com/workout-metric-images-prod/ee64fd9af8e04d08a5f3b74ec6480098'}, {'fitness_discipline': 'stretching', 'image_url': 'https://s3.amazonaws.com/workout-metric-images-prod/ee64fd9af8e04d08a5f3b74ec6480098'}, {'fitness_discipline': 'walking', 'image_url': 'https://s3.amazonaws.com/workout-metric-images-prod/45794c9b8f13472f82d4cdff4367529b'}, {'fitness_discipline': 'yoga', 'image_url': 'https://strava-default-images.s3-us-west-2.amazonaws.com/workout_share_image/default.png'}]","['cardio', 'circuit', 'running', 'strength', 'stretching', 'walking']"
6,a8c56f162c964e9392568bc13828a3fb,"When Anna first turned to yoga, she felt a switch turn on inside of her. As she built a deeper connection with her mind and body, she began accomplishing things she never knew possible. Moved to share the transformative properties of the practice with others, Anna dove head first into yoga. Anna has crafted a unique teaching style that uses movement and music to help her Members connect to the same healing properties of yoga that she has experienced over the years. Anna is a prominent teacher trainer, workshop leader and instructor in NYC.",“Look for balance but always be willing to fall”,peloton_coach,True,False,True,True,17,True,,,,spotify:playlist:7G8bkXxki1aVYZSUFkuRNZ,"My classes combine heat building movement with precise, focused instruction for Members to find stability and space in their bodies and minds. Watching Members grow and thrive on the mat and in their lives is what inspires me to teach!","[['How Do You Motivate?', 'I aim to inspire people to do their best and let go of the results. Yoga is not a competition or performance, it’s just for you (how great is that?). It’s a tool to strengthen your relationship with yourself.'], ['Outside of Peloton', 'When I’m not standing on my hands, you can catch me traveling the world whenever, and wherever I can. I enjoy being in nature, hiking, biking and just walking around and taking it all in.'], ['', '']]",,,,Look for balance but always be willing to fall.,agreenberg,Anna Greenberg,Anna,Greenberg,026d817a66704ea6b5bc148ba0b803f7,https://s3.amazonaws.com/workout-metric-images-prod/b07a4ad3f0504d589f13d760ce010cd3,,https://s3.amazonaws.com/workout-metric-images-prod/a423930b36cc4794b1d1ea836f33768c,https://s3.amazonaws.com/workout-metric-images-prod/3c7b43033049475b9b3b95d67848c683,https://s3.amazonaws.com/workout-metric-images-prod/76f3fbaa9c6448579f7d0d9bed8a5b53,https://s3.amazonaws.com/workout-metric-images-prod/129eb1916178457fac5a39476a1211ce,,https://s3.amazonaws.com/workout-metric-images-prod/6081ded723014f1c9e89841efac9dfd7,https://s3.amazonaws.com/workout-metric-images-prod/028db643b6d0412f898afe791a0d9d34,,https://s3.amazonaws.com/workout-metric-images-prod/7e14b96b609f4e47b497ef9b844a5b98,"[{'fitness_discipline': 'bike_bootcamp', 'image_url': 'https://strava-default-images.s3-us-west-2.amazonaws.com/workout_share_image/default.png'}, {'fitness_discipline': 'caesar', 'image_url': 'https://strava-default-images.s3-us-west-2.amazonaws.com/workout_share_image/default.png'}, {'fitness_discipline': 'caesar_bootcamp', 'image_url': 'https://strava-default-images.s3-us-west-2.amazonaws.com/workout_share_image/default.png'}, {'fitness_discipline': 'cardio', 'image_url': 'https://strava-default-images.s3-us-west-2.amazonaws.com/workout_share_image/default.png'}, {'fitness_discipline': 'circuit', 'image_url': 'https://strava-default-images.s3-us-west-2.amazonaws.com/workout_share_image/default.png'}, {'fitness_discipline': 'cycling', 'image_url': 'https://strava-default-images.s3-us-west-2.amazonaws.com/workout_share_image/default.png'}, {'fitness_discipline': 'meditation', 'image_url': 'https://s3.amazonaws.com/workout-metric-images-prod/998be6435781467d875b2b91cc61cc2e'}, {'fitness_discipline': 'running', 'image_url': 'https://strava-default-images.s3-us-west-2.amazonaws.com/workout_share_image/default.png'}, {'fitness_discipline': 'strength', 'image_url': 'https://strava-default-images.s3-us-west-2.amazonaws.com/workout_share_image/default.png'}, {'fitness_discipline': 'stretching', 'image_url': 'https://strava-default-images.s3-us-west-2.amazonaws.com/workout_share_image/default.png'}, {'fitness_discipline': 'walking', 'image_url': 'https://strava-default-images.s3-us-west-2.amazonaws.com/workout_share_image/default.png'}, {'fitness_discipline': 'yoga', 'image_url': 'https://s3.amazonaws.com/workout-metric-images-prod/b83eaf960189443cb6822e894abb8f52'}]","['meditation', 'yoga']"
7,1f4d39cd181c4805a00cd0a53f6c9562,"I’m a first-generation college student, and I’m proud to have broken multiple glass ceilings: I’m a black woman who has won rowing championships, I hold an advanced degree, and I’m a published author. I also run my own rowing academy! I like to keep busy. ","Ash’s classes are always a party—but when the red lipstick comes out, you’re in for a serious sweat. She’s a Big Ten champion, a seasoned coach, and she instills positivity into every stroke. With Ash, you’ll always leave feeling brighter. ",peloton_coach,True,False,True,True,18,True,,,,spotify:playlist:1CV1JLQ16g8CwIk9Tb3zl7,,"[['How do you motivate? ', ""I’m excited to bring a party on a rower. We can be weird and goofy and get an amazing workout. If you're gonna sparkle, then sparkle! I’ll challenge you to bust through the glass ceiling, and kick your butt with a smile.""], ['Outside of Peloton', ""I'm learning to play the ukulele right now. It is red and her name is Ruby. And I love documentaries. Family and community are important to me—I love spending time with my loved ones, and being a cool auntie! ""], ['', '']]",,,,"“I’m a bull—so when we see red, we boogie!”",Pelo_A,Ash Pryor,Ash,Pryor,955a7bde95cb4271af7dd490dfada470,https://s3.amazonaws.com/workout-metric-images-prod/cd6879464c5a44aa8eec15cfe691db85,,https://s3.amazonaws.com/workout-metric-images-prod/b385b80aeb40490abca17ce5d61e5e82,https://s3.amazonaws.com/workout-metric-images-prod/9220d1ff558f445880072314e7f1a1cf,https://s3.amazonaws.com/workout-metric-images-prod/2404ab03a1af487183187b8e0c146daa,https://s3.amazonaws.com/workout-metric-images-prod/9e84dd4f1cb64e8bb590756f38dea8c4,,,https://s3.amazonaws.com/workout-metric-images-prod/e84a8351bd394ee38e5718165f6e9893,,https://s3.amazonaws.com/workout-metric-images-prod/46b63917243245678bc7a0bdaa87e90d,"[{'fitness_discipline': 'bike_bootcamp', 'image_url': 'https://strava-default-images.s3-us-west-2.amazonaws.com/workout_share_image/default.png'}, {'fitness_discipline': 'caesar', 'image_url': 'https://strava-default-images.s3-us-west-2.amazonaws.com/workout_share_image/default.png'}, {'fitness_discipline': 'caesar_bootcamp', 'image_url': 'https://strava-default-images.s3-us-west-2.amazonaws.com/workout_share_image/default.png'}, {'fitness_discipline': 'cardio', 'image_url': 'https://strava-default-images.s3-us-west-2.amazonaws.com/workout_share_image/default.png'}, {'fitness_discipline': 'circuit', 'image_url': 'https://strava-default-images.s3-us-west-2.amazonaws.com/workout_share_image/default.png'}, {'fitness_discipline': 'cycling', 'image_url': 'https://strava-default-images.s3-us-west-2.amazonaws.com/workout_share_image/default.png'}, {'fitness_discipline': 'meditation', 'image_url': 'https://strava-default-images.s3-us-west-2.amazonaws.com/workout_share_image/default.png'}, {'fitness_discipline': 'running', 'image_url': 'https://strava-default-images.s3-us-west-2.amazonaws.com/workout_share_image/default.png'}, {'fitness_discipline': 'strength', 'image_url': 'https://strava-default-images.s3-us-west-2.amazonaws.com/workout_share_image/default.png'}, {'fitness_discipline': 'stretching', 'image_url': 'https://strava-default-images.s3-us-west-2.amazonaws.com/workout_share_image/default.png'}, {'fitness_discipline': 'walking', 'image_url': 'https://strava-default-images.s3-us-west-2.amazonaws.com/workout_share_image/default.png'}, {'fitness_discipline': 'yoga', 'image_url': 'https://strava-default-images.s3-us-west-2.amazonaws.com/workout_share_image/default.png'}]",['caesar']
8,16f7a0fa5ee64e1f8fc050c8a903ac9b,"As a refugee child, Assal was often made to feel like she had to prove herself more than others. But her mother always taught her about the power of being herself. A former weightlifter and police officer, she’s learned that true strength is both vulnerability and the ability to get comfortable in the discomfort of hard work. Because a strong body starts with a strong mindset. Now, she’s bringing her passion, precision, dedication, and drive to classes that will motivate you to strengthen your muscles and your mind. She wants to show you that the only person you need to prove anything to is yourself—and that once you embrace this, you’ll be unstoppable.","A former weightlifter and police officer, Assal Arian knows that a strong body starts with a strong mindset. She wants to show you that the only person you need to prove anything to is yourself—once you embrace this, you’ll be unstoppable.",peloton_coach,True,False,True,True,19,True,,,,spotify:user:onepeloton:playlist:5Gp1hdSAYIVX38o1nmYH4L?si=95d77051957249a5,"I’ve been told I’m too ambitious, too small, too Persian. But it just made me stronger, because my mum showed me the power of being me. And this is what I teach in my classes—the only person you need to prove anything to is yourself.","[['How do you motivate others?', 'There is so much power in being a beginner—when you’re ready and motivated to learn is when you really grow. I make my classes a place where everyone feels empowered to try new things and see what they can achieve.'], ['Outside of Peloton', 'I love music. Any kind of music. From reggaeton to hip hop, house, electro to dancehall and flamenco. It helps me lose myself in the moment and find motivation in different places.'], ['', '']]",,,,"I’m always trying something new, finding new challenges, getting out of my comfort zone, and working to improve.",A_pelo,Assal Arian,Assal,Arian,a71e4a923dad41b193909e78b64f5361,https://s3.amazonaws.com/workout-metric-images-prod/18d1576da2704e26bb710b73cc0d73e7,,https://s3.amazonaws.com/workout-metric-images-prod/94d9ec84646b48bbaeef957781286bb0,https://s3.amazonaws.com/workout-metric-images-prod/11e4a3a099f04151b785920a831ea38d,https://s3.amazonaws.com/workout-metric-images-prod/d1c02505d5e84594bda227d0bd5af003,https://s3.amazonaws.com/workout-metric-images-prod/22c05c2721d4483db8219cfd69ee160c,,https://s3.amazonaws.com/workout-metric-images-prod/a4ad10f570a84d7788ef5e95e3957554,https://s3.amazonaws.com/workout-metric-images-prod/d72cd727b7b846009e53d055ee392218,,https://s3.amazonaws.com/workout-metric-images-prod/135df41631f242b681aa193716b27b9d,"[{'fitness_discipline': 'bike_bootcamp', 'image_url': 'https://strava-default-images.s3-us-west-2.amazonaws.com/workout_share_image/default.png'}, {'fitness_discipline': 'caesar', 'image_url': 'https://strava-default-images.s3-us-west-2.amazonaws.com/workout_share_image/default.png'}, {'fitness_discipline': 'caesar_bootcamp', 'image_url': 'https://strava-default-images.s3-us-west-2.amazonaws.com/workout_share_image/default.png'}, {'fitness_discipline': 'cardio', 'image_url': 'https://strava-default-images.s3-us-west-2.amazonaws.com/workout_share_image/default.png'}, {'fitness_discipline': 'circuit', 'image_url': 'https://strava-default-images.s3-us-west-2.amazonaws.com/workout_share_image/default.png'}, {'fitness_discipline': 'cycling', 'image_url': 'https://strava-default-images.s3-us-west-2.amazonaws.com/workout_share_image/default.png'}, {'fitness_discipline': 'meditation', 'image_url': 'https://strava-default-images.s3-us-west-2.amazonaws.com/workout_share_image/default.png'}, {'fitness_discipline': 'running', 'image_url': 'https://strava-default-images.s3-us-west-2.amazonaws.com/workout_share_image/default.png'}, {'fitness_discipline': 'strength', 'image_url': 'https://strava-default-images.s3-us-west-2.amazonaws.com/workout_share_image/default.png'}, {'fitness_discipline': 'stretching', 'image_url': 'https://strava-default-images.s3-us-west-2.amazonaws.com/workout_share_image/default.png'}, {'fitness_discipline': 'walking', 'image_url': 'https://strava-default-images.s3-us-west-2.amazonaws.com/workout_share_image/default.png'}, {'fitness_discipline': 'yoga', 'image_url': 'https://strava-default-images.s3-us-west-2.amazonaws.com/workout_share_image/default.png'}]","['strength', 'stretching']"
9,286fc17080d34406a54b80ad8ff83e12,"Becs joins Peloton from London as an accomplished distance runner and coach who uses the sport as a way to explore the world. From adventurous trails, tropical beaches, and exotic volcanoes, to sub-3:00 marathons and demanding ultramarathons, she’s run across the globe and can’t wait for her next journey on the Peloton Tread. When teaching, Becs shares wisdom from her own training experience to help inspire everyone from first time runners to seasoned athletes. No matter how experienced you are, you’ll leave her class smiling and proud, energized to tackle your next challenge.","""Challenge yourself, and be determined to thrive.""",peloton_coach,True,False,True,True,20,True,,https://www.facebook.com/becsgentrypeloton/,,spotify:playlist:7nLyARJhygtTzAwO8UlhtV,"My inspiration comes from running all around the world! I want to teach the people in my class to love the way running makes them feel. My approach is tough, but I’ll always run with a smile because my passion for the sport is so alive.","[['How Do You Motivate?', 'I share a lot of my own personal training experiences to relate to people in my classes. I want Members to see that we have the same goals, and are on a journey together.'], ['Outside of Peloton', 'I train for my own goals, setting myself up for whatever my next race may be. I adore spending time eating my way around cities, so moving to NYC has been a dream and I keep finding amazing new places everywhere I go.'], ['', '']]",,,,"Challenge yourself, and be determined to thrive.",BecsGentry,Becs Gentry,Becs,Gentry,81be40879cf34e4581e1840d217146e3,https://s3.amazonaws.com/workout-metric-images-prod/adc7373b2e734f09a97ca51c3bfc5da6,,https://s3.amazonaws.com/workout-metric-images-prod/2b914ae7c1054f358f0471644d9f4d7c,https://s3.amazonaws.com/workout-metric-images-prod/6ed37be598544116ba54f75ed45a6e07,https://s3.amazonaws.com/workout-metric-images-prod/d40bb71772944fcb994d173b7b788ce1,https://s3.amazonaws.com/workout-metric-images-prod/db02975670ca4f1998af3f18f7d8942b,,https://s3.amazonaws.com/workout-metric-images-prod/ce88865d40e74a07bf76cdc5c29529be,https://s3.amazonaws.com/workout-metric-images-prod/2458725832844bc2938b2a7d9fd82b37,,https://s3.amazonaws.com/workout-metric-images-prod/e98eca7c40f54d9cb5ccc6e1638c3478,"[{'fitness_discipline': 'bike_bootcamp', 'image_url': 'https://strava-default-images.s3-us-west-2.amazonaws.com/workout_share_image/default.png'}, {'fitness_discipline': 'caesar', 'image_url': 'https://strava-default-images.s3-us-west-2.amazonaws.com/workout_share_image/default.png'}, {'fitness_discipline': 'caesar_bootcamp', 'image_url': 'https://strava-default-images.s3-us-west-2.amazonaws.com/workout_share_image/default.png'}, {'fitness_discipline': 'cardio', 'image_url': 'https://s3.amazonaws.com/workout-metric-images-prod/a35009f4d44a42ac997acd5d1776421c'}, {'fitness_discipline': 'circuit', 'image_url': 'https://s3.amazonaws.com/workout-metric-images-prod/8994c5cc9a924429901186b9e1caa323'}, {'fitness_discipline': 'cycling', 'image_url': 'https://strava-default-images.s3-us-west-2.amazonaws.com/workout_share_image/default.png'}, {'fitness_discipline': 'meditation', 'image_url': 'https://strava-default-images.s3-us-west-2.amazonaws.com/workout_share_image/default.png'}, {'fitness_discipline': 'running', 'image_url': 'https://s3.amazonaws.com/workout-metric-images-prod/1a40e956d81944b8850942f28c4d64d9'}, {'fitness_discipline': 'strength', 'image_url': 'https://s3.amazonaws.com/workout-metric-images-prod/a35009f4d44a42ac997acd5d1776421c'}, {'fitness_discipline': 'stretching', 'image_url': 'https://s3.amazonaws.com/workout-metric-images-prod/8994c5cc9a924429901186b9e1caa323'}, {'fitness_discipline': 'walking', 'image_url': 'https://s3.amazonaws.com/workout-metric-images-prod/1a40e956d81944b8850942f28c4d64d9'}, {'fitness_discipline': 'yoga', 'image_url': 'https://strava-default-images.s3-us-west-2.amazonaws.com/workout_share_image/default.png'}]","['running', 'strength', 'stretching', 'walking']"
10,7f3de5e78bb44d8591a0f77f760478c3,"Growing up, Ben was an accomplished athlete who was always looking for the opportunity to run, ride, kick a ball or compete. Working at a prestigious finance firm, Ben found himself daydreaming about his days on the field and in the gym. That inspired him to begin training clients as a side hustle. He quickly gained momentum and decided to take a leap of faith to leave finance behind to pursue his true passion in fitness. Ben is excited to connect through his love of music, coach with Peloton Members around the world, and become a part of their story as they move through challenges on and off the Bike. Ben is based in the UK and teaches cycling & strength.","Work hard in silence, let progress be your noise.",peloton_coach,True,False,True,True,21,True,,,,spotify:playlist:1IVLQiBtekiQNdFJIlE7Aw,I love fitness because it has a wonderful way of breaking down barriers for people.,"[[' How Do You Motivate?\r\n', 'I love having the opportunity to change someone’s mindset and self-belief. I love to inspire. I love to educate people so they feel fully in control of their own progress.'], ['Outside of Peloton', 'I found my passion for training through track and field, and have completed marathons and ultra endurance events. Outside of fitness, I’m a huge fan of live music and travel, and am always on the hunt for my next meal.'], ['', '']]",,,,"Work hard in silence, let progress be your noise.",ChampionSpirit,Ben Alldis,Ben,Alldis,085884a8a402401087043f4f1be5ac90,https://s3.amazonaws.com/workout-metric-images-prod/1f6cea8813aa404eba9dbc62bfdfb158,,https://s3.amazonaws.com/workout-metric-images-prod/ba87378101db453598b26803808d1fd4,https://s3.amazonaws.com/workout-metric-images-prod/da0a406a7a1b4e6bad92741ef9c5526d,https://s3.amazonaws.com/workout-metric-images-prod/369708ad7c7b462d87c19b4584ccd9e4,https://s3.amazonaws.com/workout-metric-images-prod/6ad0758e32d04bc78c25d21fbfb70ee8,,https://s3.amazonaws.com/workout-metric-images-prod/7fd671a192494c79963bd2550f22c4d2,https://s3.amazonaws.com/workout-metric-images-prod/210e0234a6344404ab6ba0431b607d61,,https://s3.amazonaws.com/workout-metric-images-prod/75cf4b7ac8404d44bacdf38ac6803c99,"[{'fitness_discipline': 'bike_bootcamp', 'image_url': 'https://strava-default-images.s3-us-west-2.amazonaws.com/workout_share_image/default.png'}, {'fitness_discipline': 'caesar', 'image_url': 'https://strava-default-images.s3-us-west-2.amazonaws.com/workout_share_image/default.png'}, {'fitness_discipline': 'caesar_bootcamp', 'image_url': 'https://strava-default-images.s3-us-west-2.amazonaws.com/workout_share_image/default.png'}, {'fitness_discipline': 'cardio', 'image_url': 'https://strava-default-images.s3-us-west-2.amazonaws.com/workout_share_image/default.png'}, {'fitness_discipline': 'circuit', 'image_url': 'https://strava-default-images.s3-us-west-2.amazonaws.com/workout_share_image/default.png'}, {'fitness_discipline': 'cycling', 'image_url': 'https://s3.amazonaws.com/workout-metric-images-prod/ec6ccf61165140cfb6611ef968566b6d'}, {'fitness_discipline': 'meditation', 'image_url': 'https://strava-default-images.s3-us-west-2.amazonaws.com/workout_share_image/default.png'}, {'fitness_discipline': 'running', 'image_url': 'https://strava-default-images.s3-us-west-2.amazonaws.com/workout_share_image/default.png'}, {'fitness_discipline': 'strength', 'image_url': 'https://strava-default-images.s3-us-west-2.amazonaws.com/workout_share_image/default.png'}, {'fitness_discipline': 'stretching', 'image_url': 'https://strava-default-images.s3-us-west-2.amazonaws.com/workout_share_image/default.png'}, {'fitness_discipline': 'walking', 'image_url': 'https://strava-default-images.s3-us-west-2.amazonaws.com/workout_share_image/default.png'}, {'fitness_discipline': 'yoga', 'image_url': 'https://strava-default-images.s3-us-west-2.amazonaws.com/workout_share_image/default.png'}]","['cycling', 'strength']"
11,accfd3433b064508845d7696dab959fd,"Benny was born in the gym–he lives and breathes fitness. When he's not partying on his Peloton Bike, wowing you with his positive vibes, he's training with his friends and getting inspired by other workouts. Only music can inspire him as much as exercise. And he knows that you get the best out of yourself when you just have some fun. So be yourself and experience how to turn any workout into a party.","Benny comes from a real sports family and spent half his life in gyms. In his rides, he combines endurance and technique with fun and entertainment. When you train with Benny, every workout becomes a party.",peloton_coach,True,False,True,True,22,True,,,,spotify:user:onepeloton:playlist:6d0j4cAeXBv2LgTVxNdxUR?si=ef144515c0ac4d00,"In my workouts you can be anything, but most of all you can be yourself. I want everyone in my rides to have a good time. That's why I became a Peloton instructor. ","[['How do you motivate others?', 'Fun and entertainment are the most important things in my workouts. I want everyone to enjoy every ride. The rest will just come naturally.'], ['Outside of Peloton', ""My friends are the most important thing to me. I love fitness and music. If I can combine those three things, then I'm the happiest person in the world.""], ['', '']]",,,,Working out with you all is my party.,ba_pelo,Benny Adami,Benny,Adami,6b4f502a1d224450b92f3ea101b0f8bf,https://s3.amazonaws.com/workout-metric-images-prod/ade808e279c740dd9132bc2afa4fec67,,https://s3.amazonaws.com/workout-metric-images-prod/6f871ec754ca4d1cb12ea2b8cad6f492,https://s3.amazonaws.com/workout-metric-images-prod/84f7ca789843452cb6265428d3e9211e,https://s3.amazonaws.com/workout-metric-images-prod/ba66405b16a54df38c45ae5f4abdcc3f,https://s3.amazonaws.com/workout-metric-images-prod/fc10ae5c44c04465a5bc2cb50c1c59cf,,https://s3.amazonaws.com/workout-metric-images-prod/edb602793ee042d0b36b65e7bcbf5666,https://s3.amazonaws.com/workout-metric-images-prod/dcb9c879b577431cb060ee8732700fb8,,https://s3.amazonaws.com/workout-metric-images-prod/8bde7436337a41a686d8dd491240f67e,"[{'fitness_discipline': 'bike_bootcamp', 'image_url': 'https://strava-default-images.s3-us-west-2.amazonaws.com/workout_share_image/default.png'}, {'fitness_discipline': 'caesar', 'image_url': 'https://strava-default-images.s3-us-west-2.amazonaws.com/workout_share_image/default.png'}, {'fitness_discipline': 'caesar_bootcamp', 'image_url': 'https://strava-default-images.s3-us-west-2.amazonaws.com/workout_share_image/default.png'}, {'fitness_discipline': 'cardio', 'image_url': 'https://strava-default-images.s3-us-west-2.amazonaws.com/workout_share_image/default.png'}, {'fitness_discipline': 'circuit', 'image_url': 'https://strava-default-images.s3-us-west-2.amazonaws.com/workout_share_image/default.png'}, {'fitness_discipline': 'cycling', 'image_url': 'https://strava-default-images.s3-us-west-2.amazonaws.com/workout_share_image/default.png'}, {'fitness_discipline': 'meditation', 'image_url': 'https://strava-default-images.s3-us-west-2.amazonaws.com/workout_share_image/default.png'}, {'fitness_discipline': 'running', 'image_url': 'https://strava-default-images.s3-us-west-2.amazonaws.com/workout_share_image/default.png'}, {'fitness_discipline': 'strength', 'image_url': 'https://strava-default-images.s3-us-west-2.amazonaws.com/workout_share_image/default.png'}, {'fitness_discipline': 'stretching', 'image_url': 'https://strava-default-images.s3-us-west-2.amazonaws.com/workout_share_image/default.png'}, {'fitness_discipline': 'walking', 'image_url': 'https://strava-default-images.s3-us-west-2.amazonaws.com/workout_share_image/default.png'}, {'fitness_discipline': 'yoga', 'image_url': 'https://strava-default-images.s3-us-west-2.amazonaws.com/workout_share_image/default.png'}]",['cycling']
12,01f636dc54a145239c4348e1736684ee,"If there’s one thing that really motivates former boxing instructor Bradley, it’s having the odds stacked against him. The moment someone says he can’t do something, well, that’s all he needs to hear to go out and do it! It’s why he’s often been labelled a rebel as he always manages to find a way to overcome life’s obstacles by doing things his way. After a decade in New York, Bradley is now back in the UK to bring his unique blend of British charm and eternally optimistic attitude to the London cycling studio. He’s a big believer that life is an adventure we shouldn’t take too seriously, so expect him to keep you smiling through his sweat-drenched sessions on the Bike.","Boxing fan Bradley believes you’re never beaten, however big the challenge. It’s this approach to life combined with his infectious smile and a love of putting fun at the heart of his classes that will keep you coming back.",peloton_coach,True,False,True,True,23,True,,,,spotify:playlist:7MoIiiEimEvbmybeGhhfWm,"I want Members to leave my classes with a smile on their face KNOWING they’ve got the beating of whatever challenges they may be facing. However much of an underdog you may feel, there is always a way over that hill.","[['How Do You Motivate?', ""FUN is important to me! It becomes really hard to stick to something if you're not enjoying yourself, so I’ll push past whatever excuses you've got, but because you're being equally entertained, you'll hardly notice.""], ['Outside of Peloton\r\n', ""I'm a keen traveller, animal lover and meditator. I've been called a rebel because I love proving people wrong, so you’re welcome to challenge me, but beware, I won't just beat you, I'll also post about it on Instagram!""], ['', '']]",,,,"Sometimes you have to fight more than once to win it
",bradley_rose,Bradley Rose,Bradley,Rose,30c904ae4fd844c8a3c90c62183ae616,https://s3.amazonaws.com/workout-metric-images-prod/0047414000034862890ca91938f4e6fe,,https://s3.amazonaws.com/workout-metric-images-prod/56edd76b553f479e9a94b193f7246a3b,https://s3.amazonaws.com/workout-metric-images-prod/ace5092b97394849bbad801b61a7bbc8,https://s3.amazonaws.com/workout-metric-images-prod/c7c16f153f774dd68a23842b506b74e2,https://s3.amazonaws.com/workout-metric-images-prod/58f56952d9d64b9d99a2bd2f99c5fb53,,https://s3.amazonaws.com/workout-metric-images-prod/a40493beec284bbfad3c2f5c68cad9f2,https://s3.amazonaws.com/workout-metric-images-prod/bc484aee67df4501821feee56fe0726d,,https://s3.amazonaws.com/workout-metric-images-prod/351be26ad4f24ce89bab030e90c99bbe,"[{'fitness_discipline': 'bike_bootcamp', 'image_url': 'https://strava-default-images.s3-us-west-2.amazonaws.com/workout_share_image/default.png'}, {'fitness_discipline': 'caesar', 'image_url': 'https://strava-default-images.s3-us-west-2.amazonaws.com/workout_share_image/default.png'}, {'fitness_discipline': 'caesar_bootcamp', 'image_url': 'https://strava-default-images.s3-us-west-2.amazonaws.com/workout_share_image/default.png'}, {'fitness_discipline': 'cardio', 'image_url': 'https://strava-default-images.s3-us-west-2.amazonaws.com/workout_share_image/default.png'}, {'fitness_discipline': 'circuit', 'image_url': 'https://strava-default-images.s3-us-west-2.amazonaws.com/workout_share_image/default.png'}, {'fitness_discipline': 'cycling', 'image_url': 'https://strava-default-images.s3-us-west-2.amazonaws.com/workout_share_image/default.png'}, {'fitness_discipline': 'meditation', 'image_url': 'https://strava-default-images.s3-us-west-2.amazonaws.com/workout_share_image/default.png'}, {'fitness_discipline': 'running', 'image_url': 'https://strava-default-images.s3-us-west-2.amazonaws.com/workout_share_image/default.png'}, {'fitness_discipline': 'strength', 'image_url': 'https://strava-default-images.s3-us-west-2.amazonaws.com/workout_share_image/default.png'}, {'fitness_discipline': 'stretching', 'image_url': 'https://strava-default-images.s3-us-west-2.amazonaws.com/workout_share_image/default.png'}, {'fitness_discipline': 'walking', 'image_url': 'https://strava-default-images.s3-us-west-2.amazonaws.com/workout_share_image/default.png'}, {'fitness_discipline': 'yoga', 'image_url': 'https://strava-default-images.s3-us-west-2.amazonaws.com/workout_share_image/default.png'}]",['cycling']
13,255c81782f7242c9a6ba52e0a5f54912,"Callie radiates sunshine. She comes from a large family of athletes, but broke the mold to pursue dance. Years of rigorous ballet training taught her discipline, grace and strength. Her knowledge of technique and emphasis on quality of movement extends to her classes. 

Callie’s workouts are tough, but she’ll make you feel good after every class.",,peloton_coach,True,False,True,True,24,True,,,,spotify:playlist:4Sm8GykUFmd20ozQzQbHBQ,Everyone is welcome in my class. I want you to feel comfortable and confident after we work out together.,"[['How do you motivate? ', 'We can accomplish anything we put our mind to by instilling confidence. Show up as yourself, and I’ll guide you the rest of the way. Expect to work hard, laugh a little and leave with an undeniable sense of self worth.'], ['Outside of Peloton? ', 'When I’m not at Peloton, you can find me shopping in the pillow aisle or throwing punches in the gym. Nothing makes me happier than spending time with loved ones in the comfort of my own home. '], ['', '']]",,,,"“Believe in yourself, and you're halfway there.”",Peloton_C,Callie Gullickson,Callie,Gullickson,5a711c7050c44a48862573259d99a440,https://s3.amazonaws.com/workout-metric-images-prod/f71d6aa2c9c0402bbaf4f72634102ca9,,https://s3.amazonaws.com/workout-metric-images-prod/1666bca3fc384b9a88d697140b4d5f94,https://s3.amazonaws.com/workout-metric-images-prod/eb61c9e62ec64028b7581e8cac569115,https://s3.amazonaws.com/workout-metric-images-prod/4118be4157ce408bbde22c754b2c482a,https://s3.amazonaws.com/workout-metric-images-prod/001584f720a4442a89cce3a9aa4a7c5c,,https://s3.amazonaws.com/workout-metric-images-prod/003376436da648778a4ee1eeeff74104,https://s3.amazonaws.com/workout-metric-images-prod/f416895b8b654d17b01c329128fa9d6e,,https://s3.amazonaws.com/workout-metric-images-prod/ff120d587cec417c93c6231a13c8ba55,"[{'fitness_discipline': 'bike_bootcamp', 'image_url': 'https://strava-default-images.s3-us-west-2.amazonaws.com/workout_share_image/default.png'}, {'fitness_discipline': 'caesar', 'image_url': 'https://strava-default-images.s3-us-west-2.amazonaws.com/workout_share_image/default.png'}, {'fitness_discipline': 'caesar_bootcamp', 'image_url': 'https://strava-default-images.s3-us-west-2.amazonaws.com/workout_share_image/default.png'}, {'fitness_discipline': 'cardio', 'image_url': 'https://strava-default-images.s3-us-west-2.amazonaws.com/workout_share_image/default.png'}, {'fitness_discipline': 'circuit', 'image_url': 'https://strava-default-images.s3-us-west-2.amazonaws.com/workout_share_image/default.png'}, {'fitness_discipline': 'cycling', 'image_url': 'https://strava-default-images.s3-us-west-2.amazonaws.com/workout_share_image/default.png'}, {'fitness_discipline': 'meditation', 'image_url': 'https://strava-default-images.s3-us-west-2.amazonaws.com/workout_share_image/default.png'}, {'fitness_discipline': 'running', 'image_url': 'https://strava-default-images.s3-us-west-2.amazonaws.com/workout_share_image/default.png'}, {'fitness_discipline': 'strength', 'image_url': 'https://strava-default-images.s3-us-west-2.amazonaws.com/workout_share_image/default.png'}, {'fitness_discipline': 'stretching', 'image_url': 'https://strava-default-images.s3-us-west-2.amazonaws.com/workout_share_image/default.png'}, {'fitness_discipline': 'walking', 'image_url': 'https://strava-default-images.s3-us-west-2.amazonaws.com/workout_share_image/default.png'}, {'fitness_discipline': 'yoga', 'image_url': 'https://strava-default-images.s3-us-west-2.amazonaws.com/workout_share_image/default.png'}]","['bike_bootcamp', 'cardio', 'strength', 'stretching']"
14,696bd08dd5284accab065e2147b121d7,"Introducing Camila Ramón, Peloton’s newest cycling instructor. Camila is teaching in both Spanish and English, and she’s bringing a whole new energy and positivity to Peloton. You’ll hear it right away with her music choices, and you’ll see it right away with her dance moves. Camila instills positive, powerful perspectives and approaches to life and relationships with fitness, so you’ll never feel more confident than when you ride with her. ",,peloton_coach,True,False,True,True,25,True,,,,spotify:playlist:2JpEKTX7mnrWMRyCQM0PRh,"I was born in Argentina and grew up in Miami. Family is everything to me. I’m deeply connected to my community, and I bring that energy with me to every class, every day. Come ride with me!","[['How do you motivate? ', 'I motivate through passion and positivity. I care about every person in my class. I teach you to push boundaries. I want you to discover your strength, and after class, I want you to feel like you can take on anything!'], ['Outside of Peloton', 'Being outdoors centers me. I love hiking, running and camping with my husband and my pup Rex. I love spending time with my vibrant family and eating dulce de leche while binge-watching netflix.'], ['', '']]",,,,Juntos en esta comunidad somos imparables.,CMR_pelo,Camila Ramón,Camila,Ramón,51329dd9a1c0400cb337cc542aca6a87,https://s3.amazonaws.com/workout-metric-images-prod/06ca299d0893473ebb838fb18df3615c,,https://s3.amazonaws.com/workout-metric-images-prod/46ea6788c6c5474e8fe747bfa5f9ac22,https://s3.amazonaws.com/workout-metric-images-prod/85463da197b2467fa056ef47b07067b1,https://s3.amazonaws.com/workout-metric-images-prod/48f199424e0b4b459c8f400613770a57,https://s3.amazonaws.com/workout-metric-images-prod/ab238fb5e5f248049798d667c08e2966,,https://s3.amazonaws.com/workout-metric-images-prod/46c63c1204c848a2b70620b461ccf85d,https://s3.amazonaws.com/workout-metric-images-prod/37dbb4bc65734e6db410d920f2519489,,https://s3.amazonaws.com/workout-metric-images-prod/f6dfdd2880b3435e83f03c8794af4f14,"[{'fitness_discipline': 'bike_bootcamp', 'image_url': 'https://strava-default-images.s3-us-west-2.amazonaws.com/workout_share_image/default.png'}, {'fitness_discipline': 'caesar', 'image_url': 'https://strava-default-images.s3-us-west-2.amazonaws.com/workout_share_image/default.png'}, {'fitness_discipline': 'caesar_bootcamp', 'image_url': 'https://strava-default-images.s3-us-west-2.amazonaws.com/workout_share_image/default.png'}, {'fitness_discipline': 'cardio', 'image_url': 'https://strava-default-images.s3-us-west-2.amazonaws.com/workout_share_image/default.png'}, {'fitness_discipline': 'circuit', 'image_url': 'https://strava-default-images.s3-us-west-2.amazonaws.com/workout_share_image/default.png'}, {'fitness_discipline': 'cycling', 'image_url': 'https://strava-default-images.s3-us-west-2.amazonaws.com/workout_share_image/default.png'}, {'fitness_discipline': 'meditation', 'image_url': 'https://strava-default-images.s3-us-west-2.amazonaws.com/workout_share_image/default.png'}, {'fitness_discipline': 'running', 'image_url': 'https://strava-default-images.s3-us-west-2.amazonaws.com/workout_share_image/default.png'}, {'fitness_discipline': 'strength', 'image_url': 'https://strava-default-images.s3-us-west-2.amazonaws.com/workout_share_image/default.png'}, {'fitness_discipline': 'stretching', 'image_url': 'https://strava-default-images.s3-us-west-2.amazonaws.com/workout_share_image/default.png'}, {'fitness_discipline': 'walking', 'image_url': 'https://strava-default-images.s3-us-west-2.amazonaws.com/workout_share_image/default.png'}, {'fitness_discipline': 'yoga', 'image_url': 'https://strava-default-images.s3-us-west-2.amazonaws.com/workout_share_image/default.png'}]","['cycling', 'running']"
15,0ac29effd55a435bad2f5c07cab8e567,"As the oldest of four siblings, Charlotte has always looked after everyone else. Looking out for and loving herself was something she had to learn first. To her, working out is self-care. As a trained doctor, she knows that every time you work out, you're doing something good for you. Expect Bike classes full of power and positivity—for Charlotte, limits exist only to be overcome.","For Charlotte, limits only exist to be overcome. No matter your fitness level, as a trained doctor, she’ll help you discover what you're capable of. Join her in her powerful classes and finish every ride with a proud smile.",peloton_coach,True,False,True,True,26,True,,,,spotify:user:onepeloton:playlist:7BUe7kfUKCiUndRcm4yif6?si=ec5560edac8b4cd6,"As a doctor, I know my body inside out. But only through fitness did I learn to also love myself. Don’t be afraid to love yourself and to be proud of you. That’s what I want to pass on to our Members.","[['How Do You Motivate?', 'Fitness is my medicine—it has the power to change your life. Every time we’re working out together, you’re doing something good for yourself. Leave your life behind, forget all expectations and just give your best.'], ['Outside of Peloton', 'From opera to rock to techno–music plays a big part in my life. And that includes both dancing to the sounds of my favorite DJ and relaxing on the couch to my favorite album.'], ['', '']]",,,,Let’s find our limits—and then challenge them together.,pelo_cw,Charlotte Weidenbach,Charlotte,Weidenbach,b3e8d4a5f1554912bb62160fa351b9e3,https://s3.amazonaws.com/workout-metric-images-prod/527da9f083684705a5a4bd2abe90edca,,https://s3.amazonaws.com/workout-metric-images-prod/d3ac30439a834ed29b96acf1b9b35a5e,https://s3.amazonaws.com/workout-metric-images-prod/4af9cf4b490d4fd29df2bdeccf17d518,https://s3.amazonaws.com/workout-metric-images-prod/a1c0cc35bb12419db7b48af670bba253,https://s3.amazonaws.com/workout-metric-images-prod/12cdc3693ea5453aa00ee58812caa07d,,https://s3.amazonaws.com/workout-metric-images-prod/aed5d3ad026c4129ac3bfacaf5c93ee9,https://s3.amazonaws.com/workout-metric-images-prod/0052dab1655f4402830e626424ca6c11,,https://s3.amazonaws.com/workout-metric-images-prod/5a8e4621701e444fb47997b380566fa3,"[{'fitness_discipline': 'bike_bootcamp', 'image_url': 'https://strava-default-images.s3-us-west-2.amazonaws.com/workout_share_image/default.png'}, {'fitness_discipline': 'caesar', 'image_url': 'https://strava-default-images.s3-us-west-2.amazonaws.com/workout_share_image/default.png'}, {'fitness_discipline': 'caesar_bootcamp', 'image_url': 'https://strava-default-images.s3-us-west-2.amazonaws.com/workout_share_image/default.png'}, {'fitness_discipline': 'cardio', 'image_url': 'https://strava-default-images.s3-us-west-2.amazonaws.com/workout_share_image/default.png'}, {'fitness_discipline': 'circuit', 'image_url': 'https://strava-default-images.s3-us-west-2.amazonaws.com/workout_share_image/default.png'}, {'fitness_discipline': 'cycling', 'image_url': 'https://strava-default-images.s3-us-west-2.amazonaws.com/workout_share_image/default.png'}, {'fitness_discipline': 'meditation', 'image_url': 'https://strava-default-images.s3-us-west-2.amazonaws.com/workout_share_image/default.png'}, {'fitness_discipline': 'running', 'image_url': 'https://strava-default-images.s3-us-west-2.amazonaws.com/workout_share_image/default.png'}, {'fitness_discipline': 'strength', 'image_url': 'https://strava-default-images.s3-us-west-2.amazonaws.com/workout_share_image/default.png'}, {'fitness_discipline': 'stretching', 'image_url': 'https://strava-default-images.s3-us-west-2.amazonaws.com/workout_share_image/default.png'}, {'fitness_discipline': 'walking', 'image_url': 'https://strava-default-images.s3-us-west-2.amazonaws.com/workout_share_image/default.png'}, {'fitness_discipline': 'yoga', 'image_url': 'https://strava-default-images.s3-us-west-2.amazonaws.com/workout_share_image/default.png'}]",['cycling']
16,0021e2220a7940cf94a7647b1e4bae6c,"Chelsea has traveled a unique path to bring her expression of yoga to both the tenured yogi and those who never believed the practice was for them. Chelsea received her Ph.D. in Educational Studies, making it her life's work to study the positive impact that yoga has on communities. Chelsea believes that practicing yoga connects you more deeply to yourself and the world around you, making you happier and healthier in your daily life. Chelsea's teaching style is creative, challenging and compassionate, making you feel at home with her as you build strength and confidence. ","Chelsea believes that practicing yoga connects you more deeply to yourself and the world around you. Her teaching style is creative, challenging and compassionate, making you feel at home with her while you build confidence and strength.",peloton_coach,True,False,True,True,27,True,,,,spotify:playlist:1ut9HnPKCXVhGMzaUrY2U6,"My intention is to create an environment that leaves Members with a strong sense of belonging and accomplishment. I am inspired by how yoga, music and soulful storytelling can take us on a journey closer to ourselves.","[['How Do You Motivate?', 'I empower you to embrace the body you are in! Yoga is an opportunity to pour love back into yourself, and can travel with you off the mat and into your life in the form of strength, peace, presence and wisdom.  '], ['Outside of Peloton', 'As a Ph.D. and former school teacher, I bring yoga and education to others. I created a tuition-free space for teen girls to read, write poetry, practice yoga and build a community called Yoga, Literature & Art Camp. '], ['', '']]",,,,I want to be someone people relate to. I’ll encourage you as I push you.,CJRLovesYoga,Chelsea Jackson Roberts,Chelsea,Jackson Roberts,992dcb9c3fa04c9a8493556512e83254,https://s3.amazonaws.com/workout-metric-images-prod/04cd2d36bc5e4869b139de6a8a1ab6be,,https://s3.amazonaws.com/workout-metric-images-prod/0e6a82f51d9d4e7eb61d67d01bc31e63,https://s3.amazonaws.com/workout-metric-images-prod/b616baf624d64a86bd1f9bfdc6343bf0,https://s3.amazonaws.com/workout-metric-images-prod/9748d67e66f44d2b84fa2c3552660154,https://s3.amazonaws.com/workout-metric-images-prod/f401fd993aae42debd516f1a56bbde27,,https://s3.amazonaws.com/workout-metric-images-prod/2ebd909744e74be78bcc58533f850423,https://s3.amazonaws.com/workout-metric-images-prod/56b26b71ad114616842f6f5034e7a969,,https://s3.amazonaws.com/workout-metric-images-prod/454a70d86069443fa4a615a8b03a8b37,"[{'fitness_discipline': 'bike_bootcamp', 'image_url': 'https://strava-default-images.s3-us-west-2.amazonaws.com/workout_share_image/default.png'}, {'fitness_discipline': 'caesar', 'image_url': 'https://strava-default-images.s3-us-west-2.amazonaws.com/workout_share_image/default.png'}, {'fitness_discipline': 'caesar_bootcamp', 'image_url': 'https://strava-default-images.s3-us-west-2.amazonaws.com/workout_share_image/default.png'}, {'fitness_discipline': 'cardio', 'image_url': 'https://strava-default-images.s3-us-west-2.amazonaws.com/workout_share_image/default.png'}, {'fitness_discipline': 'circuit', 'image_url': 'https://strava-default-images.s3-us-west-2.amazonaws.com/workout_share_image/default.png'}, {'fitness_discipline': 'cycling', 'image_url': 'https://strava-default-images.s3-us-west-2.amazonaws.com/workout_share_image/default.png'}, {'fitness_discipline': 'meditation', 'image_url': 'https://s3.amazonaws.com/workout-metric-images-prod/15592a11e67c4a018842ec6f17c56144'}, {'fitness_discipline': 'running', 'image_url': 'https://strava-default-images.s3-us-west-2.amazonaws.com/workout_share_image/default.png'}, {'fitness_discipline': 'strength', 'image_url': 'https://strava-default-images.s3-us-west-2.amazonaws.com/workout_share_image/default.png'}, {'fitness_discipline': 'stretching', 'image_url': 'https://strava-default-images.s3-us-west-2.amazonaws.com/workout_share_image/default.png'}, {'fitness_discipline': 'walking', 'image_url': 'https://strava-default-images.s3-us-west-2.amazonaws.com/workout_share_image/default.png'}, {'fitness_discipline': 'yoga', 'image_url': 'https://s3.amazonaws.com/workout-metric-images-prod/15592a11e67c4a018842ec6f17c56144'}]","['meditation', 'yoga']"
17,5a19bfe66e644a2fa3e6387a91ebc5ce,"Christine D’Ercole is a decorated track cyclist who brings this expertise to every Peloton class. Grounded in science, music, grit and grace, Christine believes that at all times you have two tools at your disposal: your breath and your inner monologue. In her class, you can expect Christine to empower Members to break through self-imposed limitations, and embrace their authentic selves and strength, both on and off the Bike.","""I AM. I CAN. I WILL. I DO.""",peloton_coach,True,False,True,True,28,True,,https://www.facebook.com/christinedercolefitness/,Check out a sample of Christine’s current class playlist.,spotify:playlist:55o7nNCAXaQ6XuW8QV1805,"My classes are grounded in science, grit and grace. I will give you structured formats rooted in 20 years of competitive cycling experience set to playlists that push you farther than you thought possible.","[['How Do You Motivate?\r\n', 'Every class is an opportunity to put something across the finish line and make yourself proud. By showing up, turning it up and not giving up, we practice real-life skills that translate off the Bike.'], ['Outside of Peloton\r\n', 'BIKE RACING!, Wordshop™, writing, cooking, fine wine, scuba diving and photography.'], ['', '']]",,,,I AM. I CAN. I WILL. I DO.,IAMICANIWILLIDO,Christine D'Ercole,Christine,D'Ercole,2897f20a1bd04b1697b8dde6d5392b1d,https://s3.amazonaws.com/workout-metric-images-prod/a1f82585a7c8432e8a92e4afd29aa961,,https://s3.amazonaws.com/workout-metric-images-prod/1ba65e6521c341e29e96bcf67581bae6,https://s3.amazonaws.com/workout-metric-images-prod/4c9f4647eec54a46a2d4f0e1a8e7c94a,https://s3.amazonaws.com/workout-metric-images-prod/ebecd842803846bf94db858537969b68,https://s3.amazonaws.com/workout-metric-images-prod/b34c4087a2fb41a48a17af8e76c37e89,,https://s3.amazonaws.com/workout-metric-images-prod/c8f89880c74a4afb8a68c2807e86b615,https://s3.amazonaws.com/workout-metric-images-prod/6c038b5922534adf9d3fbc8cb95f99e9,,https://s3.amazonaws.com/workout-metric-images-prod/e54703b6eed0478ba7ce39d088fb159d,"[{'fitness_discipline': 'bike_bootcamp', 'image_url': 'https://strava-default-images.s3-us-west-2.amazonaws.com/workout_share_image/default.png'}, {'fitness_discipline': 'caesar', 'image_url': 'https://strava-default-images.s3-us-west-2.amazonaws.com/workout_share_image/default.png'}, {'fitness_discipline': 'caesar_bootcamp', 'image_url': 'https://strava-default-images.s3-us-west-2.amazonaws.com/workout_share_image/default.png'}, {'fitness_discipline': 'cardio', 'image_url': 'https://strava-default-images.s3-us-west-2.amazonaws.com/workout_share_image/default.png'}, {'fitness_discipline': 'circuit', 'image_url': 'https://strava-default-images.s3-us-west-2.amazonaws.com/workout_share_image/default.png'}, {'fitness_discipline': 'cycling', 'image_url': 'https://s3.amazonaws.com/workout-metric-images-prod/f546a3fce23b41d2a9610d403c6a841b'}, {'fitness_discipline': 'meditation', 'image_url': 'https://strava-default-images.s3-us-west-2.amazonaws.com/workout_share_image/default.png'}, {'fitness_discipline': 'running', 'image_url': 'https://strava-default-images.s3-us-west-2.amazonaws.com/workout_share_image/default.png'}, {'fitness_discipline': 'strength', 'image_url': 'https://s3.amazonaws.com/workout-metric-images-prod/41981802be584559aacc7f1807dc8114'}, {'fitness_discipline': 'stretching', 'image_url': 'https://s3.amazonaws.com/workout-metric-images-prod/41981802be584559aacc7f1807dc8114'}, {'fitness_discipline': 'walking', 'image_url': 'https://strava-default-images.s3-us-west-2.amazonaws.com/workout_share_image/default.png'}, {'fitness_discipline': 'yoga', 'image_url': 'https://strava-default-images.s3-us-west-2.amazonaws.com/workout_share_image/default.png'}]",['cycling']
18,e2e6586d898d4422b3f6e3a259ff3f90,"Growing up in Hamburg, Cliff’s first love was football–until music came along. In fact, his love of hip hop saw him become the first German rapper to make it to the semi-finals of the ‘Voice of Germany’. Given he’s used to performing on a stage under the bright lights, it’s no wonder he feels so at home in the Peloton studio. As a Peloton Instructor, Cliff’s passion and energy mean you leave his class not only feeling like you’ve had a great workout, but also feeling re-energised and ready to hit all the high notes. Cliff rides in our London studio and does Bike and Bootcamp classes in German.
","As a Peloton Instructor, Cliff’s passion and energy help you leave his class not only feeling like you’ve had a great workout, but also being re-energised and ready to take on whatever life has in store for you. ",peloton_coach,True,False,True,True,29,True,,,,spotify:playlist:4OBXxsqS5D1npyRS6fyzZg,"I’m inspired by the synergy of music and fitness, it gives me an energy that I just have to pass on. Everyone feels that in every single class I give.","[['HOW DO YOU MOTIVATE?', 'As an athlete, praise and positive encouragement have always driven me to push myself beyond my limits and perform at my best. With this power, I want to motivate everyone to achieve more and look for fewer excuses. '], ['OUTSIDE OF PELOTON', ""When I'm not on the Peloton stage, I spend as much time as possible with my family. My wife and daughter mean everything to me.""], ['', '']]",,,,"No excuses - Don't look for excuses, find solutions.
",clifforddwenger,Cliff Dwenger,Cliff,Dwenger,47d9da6d7cbb469c90336c6e84d96e35,https://s3.amazonaws.com/workout-metric-images-prod/7d84ee1899864a8ebd6cc18a696177be,,https://s3.amazonaws.com/workout-metric-images-prod/c2dea99b3ee94b4d828fe99d8aaea45d,https://s3.amazonaws.com/workout-metric-images-prod/8b24a518bcb446deb1d40bf406b81518,https://s3.amazonaws.com/workout-metric-images-prod/2c96ee4d8e8e4ba6a494b8d269f97a65,https://s3.amazonaws.com/workout-metric-images-prod/caa1e6d98c3845c1835e44590504a658,,https://s3.amazonaws.com/workout-metric-images-prod/d6ced984b6e54df096312678112473bb,https://s3.amazonaws.com/workout-metric-images-prod/75378319d8f446a3b427babbecbd6d80,,https://s3.amazonaws.com/workout-metric-images-prod/e570b244090c445fbedde2a7a5f47ff2,"[{'fitness_discipline': 'bike_bootcamp', 'image_url': 'https://strava-default-images.s3-us-west-2.amazonaws.com/workout_share_image/default.png'}, {'fitness_discipline': 'caesar', 'image_url': 'https://strava-default-images.s3-us-west-2.amazonaws.com/workout_share_image/default.png'}, {'fitness_discipline': 'caesar_bootcamp', 'image_url': 'https://strava-default-images.s3-us-west-2.amazonaws.com/workout_share_image/default.png'}, {'fitness_discipline': 'cardio', 'image_url': 'https://strava-default-images.s3-us-west-2.amazonaws.com/workout_share_image/default.png'}, {'fitness_discipline': 'circuit', 'image_url': 'https://strava-default-images.s3-us-west-2.amazonaws.com/workout_share_image/default.png'}, {'fitness_discipline': 'cycling', 'image_url': 'https://s3.amazonaws.com/workout-metric-images-prod/218753bea1214a4dbf6b89fb421989e0'}, {'fitness_discipline': 'meditation', 'image_url': 'https://strava-default-images.s3-us-west-2.amazonaws.com/workout_share_image/default.png'}, {'fitness_discipline': 'running', 'image_url': 'https://strava-default-images.s3-us-west-2.amazonaws.com/workout_share_image/default.png'}, {'fitness_discipline': 'strength', 'image_url': 'https://strava-default-images.s3-us-west-2.amazonaws.com/workout_share_image/default.png'}, {'fitness_discipline': 'stretching', 'image_url': 'https://strava-default-images.s3-us-west-2.amazonaws.com/workout_share_image/default.png'}, {'fitness_discipline': 'walking', 'image_url': 'https://strava-default-images.s3-us-west-2.amazonaws.com/workout_share_image/default.png'}, {'fitness_discipline': 'yoga', 'image_url': 'https://strava-default-images.s3-us-west-2.amazonaws.com/workout_share_image/default.png'}]",['cycling']
19,baf5dfb4c6ac4968b2cb7f8f8cc0ef10,"A former professional dancer, Cody brings energy, movement and authenticity to everything he does. Born in the West but raised in the South, Cody always dreamed of a life in the big city. Now that he proudly calls NYC home–and the best city in the world–he strives to be the best version of himself while inspiring Members to be the same. Cody reminds everyone in his class to push themselves, but have a good time doing it, because we all need to have a little more fun. ","""Can I do this? ABSOLUTELY!""",peloton_coach,True,False,True,True,30,True,,https://www.facebook.com/codyrigsbyfitness/,Check out a sample of Codys current class playlist.,spotify:playlist:5K0Ya9cLcbYlDCFIlhc9oq,"Success happens when you allow yourself to be in the present moment —  when we truly let go of any regret of the past or fear of the future. 
","[['How Do You Motivate?\r\n', 'If I am not living my truth in everything I do, then I am not doing it right. I want Members to have fun while they’re working out, and remember that even though it’s challenging, ""It’s not that deep!”'], ['Outside of Peloton\r\n', 'Outside of Peloton I love to travel and discover the world. Because of my busy life in NYC, I love to find balance and serenity through my meditation practice.'], ['', '']]",,,,"Can I do this? ABSOLUTELY!
",codyrigsby,Cody Rigsby,Cody,Rigsby,b9e9151f055340349609e5980a338aeb,https://s3.amazonaws.com/workout-metric-images-prod/4d6120efa75447bebb47b6a08421b546,,https://s3.amazonaws.com/workout-metric-images-prod/8c83d880b0f54b9592e02d004fadacb0,https://s3.amazonaws.com/workout-metric-images-prod/6ffb1c00c5b2400a815867fe7c0aa6e7,https://s3.amazonaws.com/workout-metric-images-prod/c9d25cbf5d724b1b92fa20fb5b36594f,https://s3.amazonaws.com/workout-metric-images-prod/b7e2b0d47d714c38ba886ff279204e5f,,https://s3.amazonaws.com/workout-metric-images-prod/40ef88985f8b403b9d3e5ae0957855df,https://s3.amazonaws.com/workout-metric-images-prod/911d0804a8854e5c8a1b7c15639d23ea,,https://s3.amazonaws.com/workout-metric-images-prod/016248474daf487c927737804e32b165,"[{'fitness_discipline': 'bike_bootcamp', 'image_url': 'https://s3.amazonaws.com/workout-metric-images-prod/833e576b802e4499add2878d11acb69a'}, {'fitness_discipline': 'caesar', 'image_url': 'https://strava-default-images.s3-us-west-2.amazonaws.com/workout_share_image/default.png'}, {'fitness_discipline': 'caesar_bootcamp', 'image_url': 'https://strava-default-images.s3-us-west-2.amazonaws.com/workout_share_image/default.png'}, {'fitness_discipline': 'cardio', 'image_url': 'https://strava-default-images.s3-us-west-2.amazonaws.com/workout_share_image/default.png'}, {'fitness_discipline': 'circuit', 'image_url': 'https://strava-default-images.s3-us-west-2.amazonaws.com/workout_share_image/default.png'}, {'fitness_discipline': 'cycling', 'image_url': 'https://s3.amazonaws.com/workout-metric-images-prod/4b070a83000746d0aea0e06818a17d90'}, {'fitness_discipline': 'meditation', 'image_url': 'https://s3.amazonaws.com/workout-metric-images-prod/d0c6571941174a31b54fc5dc374d4162'}, {'fitness_discipline': 'running', 'image_url': 'https://strava-default-images.s3-us-west-2.amazonaws.com/workout_share_image/default.png'}, {'fitness_discipline': 'strength', 'image_url': 'https://strava-default-images.s3-us-west-2.amazonaws.com/workout_share_image/default.png'}, {'fitness_discipline': 'stretching', 'image_url': 'https://strava-default-images.s3-us-west-2.amazonaws.com/workout_share_image/default.png'}, {'fitness_discipline': 'walking', 'image_url': 'https://strava-default-images.s3-us-west-2.amazonaws.com/workout_share_image/default.png'}, {'fitness_discipline': 'yoga', 'image_url': 'https://strava-default-images.s3-us-west-2.amazonaws.com/workout_share_image/default.png'}]","['cycling', 'meditation']"
