,0
0,"b'{""data"": [{""created_at"": 1671891657, ""device_type"": ""home_bike_v1"", ""end_time"": 1671892917, ""fitness_discipline"": ""cycling"", ""ha'"
1,"b's_pedaling_metrics"": true, ""has_leaderboard_metrics"": true, ""id"": ""6e5b75c0addd401ba0206cc834e75722"", ""is_total_work_personal_re'"
2,"b'cord"": false, ""is_outdoor"": false, ""metrics_type"": ""cycling"", ""name"": ""Cycling Workout"", ""peloton_id"": ""3f43ea17fb0d422f84c2b6b0'"
3,"b'946423cb"", ""platform"": ""home_bike"", ""start_time"": 1671891718, ""status"": ""COMPLETE"", ""timezone"": ""Etc/GMT+5"", ""title"": null, ""tot'"
4,"b'al_work"": 88730.25, ""user_id"": ""c79c34efae2c4669a07c935df1aeb988"", ""workout_type"": ""class"", ""total_video_watch_time_seconds"": 0,'"
5,"b' ""total_video_buffering_seconds"": 0, ""v2_total_video_watch_time_seconds"": 1350, ""v2_total_video_buffering_seconds"": 0, ""total_mu'"
6,"b'sic_audio_play_seconds"": null, ""total_music_audio_buffer_seconds"": null, ""ride"": {""has_closed_captions"": false, ""content_provide'"
7,"b'r"": ""peloton"", ""content_format"": ""video"", ""description"": ""Let\\u2019s get this party started! Get energized with tracks that will'"
8,"b' make you sweat on the bike just as much as on the dance floor"", ""difficulty_rating_avg"": 7.3488, ""difficulty_rating_count"": 387'"
9,"b', ""difficulty_level"": null, ""distance"": null, ""distance_display_value"": null, ""distance_unit"": null, ""duration"": 1200, ""dynamic_'"
10,"b'video_recorded_speed_in_mph"": 0.0, ""extra_images"": [], ""fitness_discipline"": ""cycling"", ""fitness_discipline_display_name"": ""Cycl'"
11,"b'ing"", ""has_pedaling_metrics"": true, ""home_peloton_id"": ""91d8d5f2d5b54515918725a77373fc77"", ""id"": ""6b6708f95b69435483749459d11a65'"
12,"b'ce"", ""image_url"": ""https://s3.amazonaws.com/peloton-ride-images/9ffdacf75720cce9b26113b221e1d9da0a3c7057/img_1671714791_cbfa92b4'"
13,"b'826e43c8a90fc32c39363265.png"", ""instructor_id"": ""696bd08dd5284accab065e2147b121d7"", ""is_archived"": true, ""is_closed_caption_show'"
14,"b'n"": false, ""is_dynamic_video_eligible"": false, ""is_explicit"": false, ""is_fixed_distance"": false, ""is_live_in_studio_only"": true,'"
15,"b' ""language"": ""english"", ""length"": 1378, ""live_stream_id"": ""6b6708f95b69435483749459d11a65ce-live"", ""live_stream_url"": null, ""loc'"
16,"b'ation"": ""psny-studio-1"", ""metrics"": [""heart_rate"", ""cadence"", ""calories""], ""origin_locale"": ""es-ES"", ""original_air_time"": 167171'"
17,"b'2860, ""overall_rating_avg"": 1.0, ""overall_rating_count"": 379, ""pedaling_start_offset"": 60, ""pedaling_end_offset"": 1260, ""pedalin'"
18,"b'g_duration"": 1200, ""rating"": 0, ""ride_type_id"": ""c87e20095d80463db5ce04df7fe2b989"", ""ride_type_ids"": [""c87e20095d80463db5ce04df7'"
19,"b'fe2b989""], ""sample_vod_stream_url"": null, ""sample_preview_stream_url"": null, ""scheduled_start_time"": 1671713100, ""series_id"": ""3'"
20,"b'b9988de9f7d47cb9654a2ea19486af2"", ""sold_out"": false, ""studio_peloton_id"": ""daed20a605bd47a1a024725a77289091"", ""title"": ""20 min F'"
21,"b'iesta Latina Ride"", ""total_ratings"": 0, ""total_in_progress_workouts"": 28, ""total_workouts"": 2403, ""vod_stream_url"": ""https://amd'"
22,"b'-vod.akamaized.net/classes/cycling/12-2022/6b6708f95b69435483749459d11a65ce/1/master.m3u8"", ""vod_stream_id"": ""6b6708f95b69435483'"
23,"b'749459d11a65ce-vod"", ""class_type_ids"": [""c87e20095d80463db5ce04df7fe2b989""], ""difficulty_estimate"": 7.3488, ""overall_estimate"": '"
24,"b'1.0, ""availability"": {""is_available"": true, ""reason"": null}, ""explicit_rating"": 0, ""flags"": []}, ""created"": 1671891657, ""device_'"
25,"b'time_created_at"": 1671873657, ""strava_id"": null, ""fitbit_id"": null, ""effort_zones"": null, ""service_id"": null}, {""created_at"": 16'"
26,"b'71549474, ""device_type"": ""home_bike_v1"", ""end_time"": 1671550734, ""fitness_discipline"": ""cycling"", ""has_pedaling_metrics"": true, '"
27,"b'""has_leaderboard_metrics"": true, ""id"": ""6027c22fa8d1401f827fa9aa635b9271"", ""is_total_work_personal_record"": false, ""is_outdoor"":'"
28,"b' false, ""metrics_type"": ""cycling"", ""name"": ""Cycling Workout"", ""peloton_id"": ""008950bb28fa41b185332f261e69fe50"", ""platform"": ""hom'"
29,"b'e_bike"", ""start_time"": 1671549535, ""status"": ""COMPLETE"", ""timezone"": ""Etc/GMT+5"", ""title"": null, ""total_work"": 92415.42, ""user_i'"
30,"b'd"": ""c79c34efae2c4669a07c935df1aeb988"", ""workout_type"": ""class"", ""total_video_watch_time_seconds"": 0, ""total_video_buffering_sec'"
31,"b'onds"": 0, ""v2_total_video_watch_time_seconds"": 1349, ""v2_total_video_buffering_seconds"": 1, ""total_music_audio_play_seconds"": nu'"
32,"b'll, ""total_music_audio_buffer_seconds"": null, ""ride"": {""has_closed_captions"": false, ""content_provider"": ""peloton"", ""content_for'"
33,"b'mat"": ""video"", ""description"": ""Old school, new school, and everything in between. You\'ll recognize these smooth beats and won\'t '"
34,"b'be able to resist the greatest R&B hits from past and present."", ""difficulty_rating_avg"": 7.0607, ""difficulty_rating_count"": 263'"
35,"b'7, ""difficulty_level"": null, ""distance"": null, ""distance_display_value"": null, ""distance_unit"": null, ""duration"": 1200, ""dynamic'"
36,"b'_video_recorded_speed_in_mph"": 0.0, ""extra_images"": [], ""fitness_discipline"": ""cycling"", ""fitness_discipline_display_name"": ""Cyc'"
37,"b'ling"", ""has_pedaling_metrics"": true, ""home_peloton_id"": ""11f76e7604ae444ab712de7427ecd69d"", ""id"": ""193030bd1f7a428f9f40de8e1945d'"
38,"b'f7b"", ""image_url"": ""https://s3.amazonaws.com/peloton-ride-images/44addf87026cbb9e8064746277b9d851715420e2/img_1666735464_81cd44d'"
39,"b'd5aa04308a29f011776289f33.png"", ""instructor_id"": ""f6f2d613dc344e4bbf6428cd34697820"", ""is_archived"": true, ""is_closed_caption_sho'"
40,"b'wn"": false, ""is_dynamic_video_eligible"": false, ""is_explicit"": true, ""is_fixed_distance"": false, ""is_live_in_studio_only"": true,'"
41,"b' ""language"": ""english"", ""length"": 1361, ""live_stream_id"": ""193030bd1f7a428f9f40de8e1945df7b-live"", ""live_stream_url"": null, ""loc'"
42,"b'ation"": ""psny-studio-1"", ""metrics"": [""heart_rate"", ""cadence"", ""calories""], ""origin_locale"": ""en-US"", ""original_air_time"": 167146'"
43,"b'5600, ""overall_rating_avg"": 0.9906, ""overall_rating_count"": 2552, ""pedaling_start_offset"": 60, ""pedaling_end_offset"": 1260, ""ped'"
44,"b'aling_duration"": 1200, ""rating"": 0, ""ride_type_id"": ""c87e20095d80463db5ce04df7fe2b989"", ""ride_type_ids"": [""c87e20095d80463db5ce0'"
45,"b'4df7fe2b989""], ""sample_vod_stream_url"": null, ""sample_preview_stream_url"": null, ""scheduled_start_time"": 1671465600, ""series_id""'"
46,"b': ""cbabc6ddbc104650bf4406c65b3c9b79"", ""sold_out"": false, ""studio_peloton_id"": ""431cae4e52e74ef7a7538f6d05aa043a"", ""title"": ""20 m'"
47,"b'in R&B Ride"", ""total_ratings"": 0, ""total_in_progress_workouts"": 48, ""total_workouts"": 18054, ""vod_stream_url"": ""https://amd-vod.'"
48,"b'akamaized.net/classes/cycling/10-2022/193030bd1f7a428f9f40de8e1945df7b/1/master.m3u8"", ""vod_stream_id"": ""193030bd1f7a428f9f40de8'"
49,"b'e1945df7b-vod"", ""class_type_ids"": [""c87e20095d80463db5ce04df7fe2b989""], ""difficulty_estimate"": 7.0607, ""overall_estimate"": 0.990'"
50,"b'6, ""availability"": {""is_available"": true, ""reason"": null}, ""explicit_rating"": 1, ""flags"": []}, ""created"": 1671549474, ""device_ti'"
51,"b'me_created_at"": 1671531474, ""strava_id"": null, ""fitbit_id"": null, ""effort_zones"": null, ""service_id"": null}, {""created_at"": 1671'"
52,"b'145008, ""device_type"": ""home_bike_v1"", ""end_time"": 1671145667, ""fitness_discipline"": ""cycling"", ""has_pedaling_metrics"": true, ""h'"
53,"b'as_leaderboard_metrics"": true, ""id"": ""b05e2500b4ee495997a0444d492c35f3"", ""is_total_work_personal_record"": true, ""is_outdoor"": fa'"
54,"b'lse, ""metrics_type"": ""cycling"", ""name"": ""Cycling Workout"", ""peloton_id"": ""4439bbc7562a449081dd7a190a4c976f"", ""platform"": ""home_b'"
55,"b'ike"", ""start_time"": 1671145069, ""status"": ""COMPLETE"", ""timezone"": ""Etc/GMT+5"", ""title"": null, ""total_work"": 22633.07, ""user_id"":'"
56,"b' ""c79c34efae2c4669a07c935df1aeb988"", ""workout_type"": ""class"", ""total_video_watch_time_seconds"": 0, ""total_video_buffering_second'"
57,"b's"": 0, ""v2_total_video_watch_time_seconds"": 676, ""v2_total_video_buffering_seconds"": 1, ""total_music_audio_play_seconds"": null, '"
58,"b'""total_music_audio_buffer_seconds"": null, ""ride"": {""has_closed_captions"": false, ""content_provider"": ""peloton"", ""content_format""'"
59,"b': ""video"", ""description"": ""The key to progress is preparation. Take a few minutes to wake up your muscles and elevate your heart'"
60,"b' rate before tackling your ride."", ""difficulty_rating_avg"": 4.9426, ""difficulty_rating_count"": 244, ""difficulty_level"": null, ""d'"
61,"b'istance"": null, ""distance_display_value"": null, ""distance_unit"": null, ""duration"": 600, ""dynamic_video_recorded_speed_in_mph"": 0'"
62,"b'.0, ""extra_images"": [], ""fitness_discipline"": ""cycling"", ""fitness_discipline_display_name"": ""Cycling"", ""has_pedaling_metrics"": t'"
63,"b'rue, ""home_peloton_id"": ""75f5bff4270048678777f77b2d6fb9c3"", ""id"": ""a3e6f504f033461f9c860ff4b38ace6e"", ""image_url"": ""https://s3.a'"
64,"b'mazonaws.com/peloton-ride-images/228e77ed0dbe4b6c747f3caf8a835ec776b0cfaa/img_1671121635_0f531b30b067410f9bf43fea0159e88a.jpg"", '"
65,"b'""instructor_id"": ""0ac29effd55a435bad2f5c07cab8e567"", ""is_archived"": true, ""is_closed_caption_shown"": false, ""is_dynamic_video_el'"
66,"b'igible"": false, ""is_explicit"": false, ""is_fixed_distance"": false, ""is_live_in_studio_only"": true, ""language"": ""english"", ""length'"
67,"b'"": 720, ""live_stream_id"": ""a3e6f504f033461f9c860ff4b38ace6e-live"", ""live_stream_url"": null, ""location"": ""psl-studio-1"", ""metrics'"
68,"b'"": [""heart_rate"", ""cadence"", ""calories""], ""origin_locale"": ""de-DE"", ""original_air_time"": 1671120780, ""overall_rating_avg"": 0.996'"
69,"b', ""overall_rating_count"": 252, ""pedaling_start_offset"": 60, ""pedaling_end_offset"": 660, ""pedaling_duration"": 600, ""rating"": 0, ""'"
70,"b'ride_type_id"": ""57dbf6f9a4904a9f80e302380855bdb7"", ""ride_type_ids"": [""57dbf6f9a4904a9f80e302380855bdb7""], ""sample_vod_stream_url'"
71,"b'"": null, ""sample_preview_stream_url"": null, ""scheduled_start_time"": 1671120900, ""series_id"": ""81731af7a4864f9fb2490068a229e734"",'"
72,"b' ""sold_out"": false, ""studio_peloton_id"": ""fb2b17c3aee54656bcdfdff0ad5cbd68"", ""title"": ""10 min Warm Up Ride"", ""total_ratings"": 0,'"
73,"b' ""total_in_progress_workouts"": 3, ""total_workouts"": 2193, ""vod_stream_url"": ""https://amd-vod.akamaized.net/classes/cycling/12-20'"
74,"b'22/a3e6f504f033461f9c860ff4b38ace6e/2/master.m3u8"", ""vod_stream_id"": ""a3e6f504f033461f9c860ff4b38ace6e-vod"", ""class_type_ids"": ['"
75,"b'""57dbf6f9a4904a9f80e302380855bdb7""], ""difficulty_estimate"": 4.9426, ""overall_estimate"": 0.996, ""availability"": {""is_available"": '"
76,"b'true, ""reason"": null}, ""explicit_rating"": 0, ""flags"": []}, ""created"": 1671145008, ""device_time_created_at"": 1671127008, ""strava_'"
77,"b'id"": null, ""fitbit_id"": null, ""effort_zones"": null, ""service_id"": null}, {""created_at"": 1670783318, ""device_type"": ""home_bike_v1'"
78,"b'"", ""end_time"": 1670784530, ""fitness_discipline"": ""cycling"", ""has_pedaling_metrics"": true, ""has_leaderboard_metrics"": true, ""id"":'"
79,"b' ""ccd72be3377c49cbab70844f4a36e3b3"", ""is_total_work_personal_record"": false, ""is_outdoor"": false, ""metrics_type"": ""cycling"", ""na'"
80,"b'me"": ""Cycling Workout"", ""peloton_id"": ""8041fbeec4cd47f48ce2f58cb98eba18"", ""platform"": ""home_bike"", ""start_time"": 1670783332, ""st'"
81,"b'atus"": ""COMPLETE"", ""timezone"": ""Etc/GMT+5"", ""title"": null, ""total_work"": 100904.06, ""user_id"": ""c79c34efae2c4669a07c935df1aeb988'"
82,"b'"", ""workout_type"": ""class"", ""total_video_watch_time_seconds"": 0, ""total_video_buffering_seconds"": 0, ""v2_total_video_watch_time_'"
83,"b'seconds"": 1379, ""v2_total_video_buffering_seconds"": 1, ""total_music_audio_play_seconds"": null, ""total_music_audio_buffer_seconds'"
84,"b'"": null, ""ride"": {""has_closed_captions"": false, ""content_provider"": ""peloton"", ""content_format"": ""video"", ""description"": ""\\u2019'"
85,"b'Tis the season to go all out and have some fun! Celebrate and sweat to festive tunes that will put you in the Holiday spirit."", '"
86,"b'""difficulty_rating_avg"": 6.8271, ""difficulty_rating_count"": 18252, ""difficulty_level"": null, ""distance"": null, ""distance_display'"
87,"b'_value"": null, ""distance_unit"": null, ""duration"": 1200, ""dynamic_video_recorded_speed_in_mph"": 0.0, ""extra_images"": [], ""fitness'"
88,"b'_discipline"": ""cycling"", ""fitness_discipline_display_name"": ""Cycling"", ""has_pedaling_metrics"": true, ""home_peloton_id"": ""fe2efc5'"
89,"b'324054a3d97e330f8cc7149c8"", ""id"": ""ac865eddc0d74030af0b73499ae6f423"", ""image_url"": ""https://s3.amazonaws.com/peloton-ride-images'"
90,"b'/e6c8fd1da6fccc487758850f1b584eb6c429365a/img_1670402756_bbc7a54d856541f9982a9c568d810f8e.jpg"", ""instructor_id"": ""c0a9505d813541'"
91,"b'2d824cf3c97406179b"", ""is_archived"": true, ""is_closed_caption_shown"": false, ""is_dynamic_video_eligible"": false, ""is_explicit"": f'"
92,"b'alse, ""is_fixed_distance"": false, ""is_live_in_studio_only"": true, ""language"": ""english"", ""length"": 1434, ""live_stream_id"": ""ac86'"
93,"b'5eddc0d74030af0b73499ae6f423-live"", ""live_stream_url"": null, ""location"": ""psl-studio-1"", ""metrics"": [""heart_rate"", ""cadence"", ""c'"
94,"b'alories""], ""origin_locale"": ""en-US"", ""original_air_time"": 1670668200, ""overall_rating_avg"": 0.995, ""overall_rating_count"": 18677'"
95,"b', ""pedaling_start_offset"": 60, ""pedaling_end_offset"": 1260, ""pedaling_duration"": 1200, ""rating"": 0, ""ride_type_id"": ""f10471dcd6a'"
96,"b'34e5f8ed54eb634b5df19"", ""ride_type_ids"": [""f10471dcd6a34e5f8ed54eb634b5df19""], ""sample_vod_stream_url"": null, ""sample_preview_st'"
97,"b'ream_url"": null, ""scheduled_start_time"": 1670668200, ""series_id"": ""6dde75a6113f4ed0982506a11938ad4b"", ""sold_out"": false, ""studio'"
98,"b'_peloton_id"": ""045673b6b86a404e90ebfb4b81d16175"", ""title"": ""20 min Holiday Ride"", ""total_ratings"": 0, ""total_in_progress_workout'"
99,"b's"": 152, ""total_workouts"": 120179, ""vod_stream_url"": ""https://amd-vod.akamaized.net/classes/cycling/12-2022/ac865eddc0d74030af0b'"
100,"b'73499ae6f423/3/master.m3u8"", ""vod_stream_id"": ""ac865eddc0d74030af0b73499ae6f423-vod"", ""class_type_ids"": [""f10471dcd6a34e5f8ed54e'"
101,"b'b634b5df19""], ""difficulty_estimate"": 6.8271, ""overall_estimate"": 0.995, ""availability"": {""is_available"": true, ""reason"": null}, '"
102,"b'""explicit_rating"": 0, ""flags"": []}, ""created"": 1670783318, ""device_time_created_at"": 1670765318, ""strava_id"": null, ""fitbit_id"":'"
103,"b' null, ""effort_zones"": null, ""service_id"": null}, {""created_at"": 1670366342, ""device_type"": ""home_bike_v1"", ""end_time"": 16703676'"
104,"b'01, ""fitness_discipline"": ""cycling"", ""has_pedaling_metrics"": true, ""has_leaderboard_metrics"": true, ""id"": ""ce200f54cb7e4466b267c'"
105,"b'bcb152ef46a"", ""is_total_work_personal_record"": false, ""is_outdoor"": false, ""metrics_type"": ""cycling"", ""name"": ""Cycling Workout"",'"
106,"b' ""peloton_id"": ""06b71ae352ca46709f1369ea00bff028"", ""platform"": ""home_bike"", ""start_time"": 1670366404, ""status"": ""COMPLETE"", ""tim'"
107,"b'ezone"": ""Etc/GMT+5"", ""title"": null, ""total_work"": 97816.24, ""user_id"": ""c79c34efae2c4669a07c935df1aeb988"", ""workout_type"": ""clas'"
108,"b's"", ""total_video_watch_time_seconds"": 0, ""total_video_buffering_seconds"": 0, ""v2_total_video_watch_time_seconds"": 1349, ""v2_tota'"
109,"b'l_video_buffering_seconds"": 1, ""total_music_audio_play_seconds"": null, ""total_music_audio_buffer_seconds"": null, ""ride"": {""has_c'"
110,"b'losed_captions"": false, ""content_provider"": ""peloton"", ""content_format"": ""video"", ""description"": ""Rock and ride to the hottest t'"
111,"b'racks in the history of rock and roll."", ""difficulty_rating_avg"": 7.5699, ""difficulty_rating_count"": 10661, ""difficulty_level"": '"
112,"b'null, ""distance"": null, ""distance_display_value"": null, ""distance_unit"": null, ""duration"": 1200, ""dynamic_video_recorded_speed_i'"
113,"b'n_mph"": 0.0, ""extra_images"": [], ""fitness_discipline"": ""cycling"", ""fitness_discipline_display_name"": ""Cycling"", ""has_pedaling_me'"
114,"b'trics"": true, ""home_peloton_id"": ""5da54bd5b3c94b7ea3244c726e9b36bb"", ""id"": ""33a887e46504417e8f92a999740183cb"", ""image_url"": ""htt'"
115,b'ps://s3.amazonaws.com/peloton-ride-images/77c97b1602e4bc8c4d2e095f4191e31d5ad690e2/img_1669218191_56e53a6d262d47758f5ca1139fcba4'
116,"b'c1.png"", ""instructor_id"": ""f6f2d613dc344e4bbf6428cd34697820"", ""is_archived"": true, ""is_closed_caption_shown"": false, ""is_dynamic'"
117,"b'_video_eligible"": false, ""is_explicit"": false, ""is_fixed_distance"": false, ""is_live_in_studio_only"": true, ""language"": ""english""'"
118,"b', ""length"": 1372, ""live_stream_id"": ""33a887e46504417e8f92a999740183cb-live"", ""live_stream_url"": null, ""location"": ""psny-studio-1'"
119,"b'"", ""metrics"": [""heart_rate"", ""cadence"", ""calories""], ""origin_locale"": ""en-US"", ""original_air_time"": 1669215120, ""overall_rating_'"
120,"b'avg"": 0.9969, ""overall_rating_count"": 9832, ""pedaling_start_offset"": 60, ""pedaling_end_offset"": 1260, ""pedaling_duration"": 1200,'"
121,"b' ""rating"": 0, ""ride_type_id"": ""c87e20095d80463db5ce04df7fe2b989"", ""ride_type_ids"": [""c87e20095d80463db5ce04df7fe2b989""], ""sample'"
122,"b'_vod_stream_url"": null, ""sample_preview_stream_url"": null, ""scheduled_start_time"": 1669215600, ""series_id"": ""0d82d171468a461c93e'"
123,"b'd700b299361f4"", ""sold_out"": false, ""studio_peloton_id"": ""b1491996605e4ef88a66f50369efbb6b"", ""title"": ""20 min Rock Ride"", ""total_'"
124,"b'ratings"": 0, ""total_in_progress_workouts"": 18, ""total_workouts"": 71769, ""vod_stream_url"": ""https://amd-vod.akamaized.net/classes'"
125,"b'/cycling/11-2022/33a887e46504417e8f92a999740183cb/1/master.m3u8"", ""vod_stream_id"": ""33a887e46504417e8f92a999740183cb-vod"", ""clas'"
126,"b's_type_ids"": [""c87e20095d80463db5ce04df7fe2b989""], ""difficulty_estimate"": 7.5699, ""overall_estimate"": 0.9969, ""availability"": {""'"
127,"b'is_available"": true, ""reason"": null}, ""explicit_rating"": 0, ""flags"": []}, ""created"": 1670366342, ""device_time_created_at"": 16703'"
128,"b'48342, ""strava_id"": null, ""fitbit_id"": null, ""effort_zones"": null, ""service_id"": null}, {""created_at"": 1668268111, ""device_type""'"
129,"b': ""home_bike_v1"", ""end_time"": 1668269371, ""fitness_discipline"": ""cycling"", ""has_pedaling_metrics"": true, ""has_leaderboard_metric'"
130,"b's"": true, ""id"": ""9adef4bfd34c4a80bc3e30a7cbdab3cc"", ""is_total_work_personal_record"": false, ""is_outdoor"": false, ""metrics_type"":'"
131,"b' ""cycling"", ""name"": ""Cycling Workout"", ""peloton_id"": ""89e1288f88c542edb4e576d05494a7dc"", ""platform"": ""home_bike"", ""start_time"": '"
132,"b'1668268172, ""status"": ""COMPLETE"", ""timezone"": ""Etc/GMT+5"", ""title"": null, ""total_work"": 94568.91, ""user_id"": ""c79c34efae2c4669a0'"
133,"b'7c935df1aeb988"", ""workout_type"": ""class"", ""total_video_watch_time_seconds"": 0, ""total_video_buffering_seconds"": 0, ""v2_total_vid'"
134,"b'eo_watch_time_seconds"": 1390, ""v2_total_video_buffering_seconds"": 0, ""total_music_audio_play_seconds"": null, ""total_music_audio_'"
135,"b'buffer_seconds"": null, ""ride"": {""has_closed_captions"": false, ""content_provider"": ""peloton"", ""content_format"": ""video"", ""descrip'"
136,"b'tion"": ""Old school, new school, East Coast and West Coast. Sweat to the beats of the hottest hip hop throughout history."", ""diff'"
137,"b'iculty_rating_avg"": 7.1109, ""difficulty_rating_count"": 5078, ""difficulty_level"": null, ""distance"": null, ""distance_display_value'"
138,"b'"": null, ""distance_unit"": null, ""duration"": 1200, ""dynamic_video_recorded_speed_in_mph"": 0.0, ""extra_images"": [], ""fitness_disci'"
139,"b'pline"": ""cycling"", ""fitness_discipline_display_name"": ""Cycling"", ""has_pedaling_metrics"": true, ""home_peloton_id"": ""22a226422b2f4'"
140,"b'928b8aa90fa593fc5d1"", ""id"": ""7a9b2fcc6161444db5406c8d5d513594"", ""image_url"": ""https://s3.amazonaws.com/peloton-ride-images/b0138'"
141,"b'625111bec04876017d866abf7a756fdc5d9/img_1668108251_55f7cf4979a047a9aa0b4d9b69e6937d.png"", ""instructor_id"": ""1e59e949a19341539214'"
142,"b'a4a13ea7ff01"", ""is_archived"": true, ""is_closed_caption_shown"": false, ""is_dynamic_video_eligible"": false, ""is_explicit"": true, ""'"
143,"b'is_fixed_distance"": false, ""is_live_in_studio_only"": true, ""language"": ""english"", ""length"": 1393, ""live_stream_id"": ""7a9b2fcc616'"
144,"b'1444db5406c8d5d513594-live"", ""live_stream_url"": null, ""location"": ""psny-studio-1"", ""metrics"": [""heart_rate"", ""cadence"", ""calorie'"
145,"b's""], ""origin_locale"": ""en-US"", ""original_air_time"": 1668106440, ""overall_rating_avg"": 0.9971, ""overall_rating_count"": 4892, ""ped'"
146,"b'aling_start_offset"": 60, ""pedaling_end_offset"": 1260, ""pedaling_duration"": 1200, ""rating"": 0, ""ride_type_id"": ""c87e20095d80463db'"
147,"b'5ce04df7fe2b989"", ""ride_type_ids"": [""c87e20095d80463db5ce04df7fe2b989""], ""sample_vod_stream_url"": null, ""sample_preview_stream_u'"
148,"b'rl"": null, ""scheduled_start_time"": 1668106800, ""series_id"": ""0eb83da6486e45f78d2d4a865009330d"", ""sold_out"": false, ""studio_pelot'"
149,"b'on_id"": ""ab08203fbcc2428aa564ff599fa86d25"", ""title"": ""20 min Hip Hop Ride"", ""total_ratings"": 0, ""total_in_progress_workouts"": 3,'"
150,"b' ""total_workouts"": 34647, ""vod_stream_url"": ""https://amd-vod.akamaized.net/classes/cycling/11-2022/7a9b2fcc6161444db5406c8d5d513'"
151,"b'594/2/master.m3u8"", ""vod_stream_id"": ""7a9b2fcc6161444db5406c8d5d513594-vod"", ""class_type_ids"": [""c87e20095d80463db5ce04df7fe2b98'"
152,"b'9""], ""difficulty_estimate"": 7.1109, ""overall_estimate"": 0.9971, ""availability"": {""is_available"": true, ""reason"": null}, ""explici'"
153,"b't_rating"": 1, ""flags"": []}, ""created"": 1668268111, ""device_time_created_at"": 1668250111, ""strava_id"": null, ""fitbit_id"": null, ""'"
154,"b'effort_zones"": null, ""service_id"": null}, {""created_at"": 1668087850, ""device_type"": ""home_bike_v1"", ""end_time"": 1668089110, ""fit'"
155,"b'ness_discipline"": ""cycling"", ""has_pedaling_metrics"": true, ""has_leaderboard_metrics"": true, ""id"": ""a15da1c8e1314d0c96f0952e7f64b'"
156,"b'551"", ""is_total_work_personal_record"": false, ""is_outdoor"": false, ""metrics_type"": ""cycling"", ""name"": ""Cycling Workout"", ""peloto'"
157,"b'n_id"": ""31dc5e0c64b64ebf88adf5f5eb681e9a"", ""platform"": ""home_bike"", ""start_time"": 1668087912, ""status"": ""COMPLETE"", ""timezone"": '"
158,"b'""Etc/GMT+5"", ""title"": null, ""total_work"": 99511.9, ""user_id"": ""c79c34efae2c4669a07c935df1aeb988"", ""workout_type"": ""class"", ""tota'"
159,"b'l_video_watch_time_seconds"": 0, ""total_video_buffering_seconds"": 0, ""v2_total_video_watch_time_seconds"": 1320, ""v2_total_video_b'"
160,"b'uffering_seconds"": 0, ""total_music_audio_play_seconds"": null, ""total_music_audio_buffer_seconds"": null, ""ride"": {""has_closed_cap'"
161,"b'tions"": false, ""content_provider"": ""peloton"", ""content_format"": ""video"", ""description"": ""We dare you not to dance as you ride to'"
162,"b' all the hits from the pop music charts. Let\\u2019s party!"", ""difficulty_rating_avg"": 7.0781, ""difficulty_rating_count"": 12320, '"
163,"b'""difficulty_level"": null, ""distance"": null, ""distance_display_value"": null, ""distance_unit"": null, ""duration"": 1200, ""dynamic_vi'"
164,"b'deo_recorded_speed_in_mph"": 0.0, ""extra_images"": [], ""fitness_discipline"": ""cycling"", ""fitness_discipline_display_name"": ""Cyclin'"
165,"b'g"", ""has_pedaling_metrics"": true, ""home_peloton_id"": ""fae5165870044e59aaff989c43504f22"", ""id"": ""33e6ffea8dea4ce497f1e0c2053828b2'"
166,"b'"", ""image_url"": ""https://s3.amazonaws.com/peloton-ride-images/cf7de8dba580182ce0b7f137b5c370e8704c762e/img_1668009648_c7206c4b99'"
167,"b'1f44dd862ae9172af777d7.png"", ""instructor_id"": ""f6f2d613dc344e4bbf6428cd34697820"", ""is_archived"": true, ""is_closed_caption_shown""'"
168,"b': false, ""is_dynamic_video_eligible"": false, ""is_explicit"": true, ""is_fixed_distance"": false, ""is_live_in_studio_only"": true, ""l'"
169,"b'anguage"": ""english"", ""length"": 1350, ""live_stream_id"": ""33e6ffea8dea4ce497f1e0c2053828b2-live"", ""live_stream_url"": null, ""locati'"
170,"b'on"": ""psny-studio-1"", ""metrics"": [""heart_rate"", ""cadence"", ""calories""], ""origin_locale"": ""en-US"", ""original_air_time"": 166800762'"
171,"b'0, ""overall_rating_avg"": 0.9982, ""overall_rating_count"": 11829, ""pedaling_start_offset"": 60, ""pedaling_end_offset"": 1260, ""pedal'"
172,"b'ing_duration"": 1200, ""rating"": 0, ""ride_type_id"": ""c87e20095d80463db5ce04df7fe2b989"", ""ride_type_ids"": [""c87e20095d80463db5ce04d'"
173,"b'f7fe2b989""], ""sample_vod_stream_url"": null, ""sample_preview_stream_url"": null, ""scheduled_start_time"": 1668008100, ""series_id"": '"
174,"b'""b0fb492940584b82986a10426cd3c5a5"", ""sold_out"": false, ""studio_peloton_id"": ""26a3f668271e420aa5605c9cf193d089"", ""title"": ""20 min'"
175,"b' Pop Ride"", ""total_ratings"": 0, ""total_in_progress_workouts"": 19, ""total_workouts"": 108487, ""vod_stream_url"": ""https://amd-vod.a'"
176,"b'kamaized.net/classes/cycling/11-2022/33e6ffea8dea4ce497f1e0c2053828b2/2/master.m3u8"", ""vod_stream_id"": ""33e6ffea8dea4ce497f1e0c2'"
177,"b'053828b2-vod"", ""class_type_ids"": [""c87e20095d80463db5ce04df7fe2b989""], ""difficulty_estimate"": 7.0781, ""overall_estimate"": 0.9982'"
178,"b', ""availability"": {""is_available"": true, ""reason"": null}, ""explicit_rating"": 1, ""flags"": []}, ""created"": 1668087850, ""device_tim'"
179,"b'e_created_at"": 1668069850, ""strava_id"": null, ""fitbit_id"": null, ""effort_zones"": null, ""service_id"": null}, {""created_at"": 16680'"
180,"b'34930, ""device_type"": ""home_bike_v1"", ""end_time"": 1668036190, ""fitness_discipline"": ""cycling"", ""has_pedaling_metrics"": true, ""ha'"
181,"b's_leaderboard_metrics"": true, ""id"": ""76c69d2f23b14f5e8416525968cc69c4"", ""is_total_work_personal_record"": false, ""is_outdoor"": fa'"
182,"b'lse, ""metrics_type"": ""cycling"", ""name"": ""Cycling Workout"", ""peloton_id"": ""fef75de15fca463189b6345f6e58cb90"", ""platform"": ""home_b'"
183,"b'ike"", ""start_time"": 1668034992, ""status"": ""COMPLETE"", ""timezone"": ""Etc/GMT+5"", ""title"": null, ""total_work"": 95709.37, ""user_id"":'"
184,"b' ""c79c34efae2c4669a07c935df1aeb988"", ""workout_type"": ""class"", ""total_video_watch_time_seconds"": 0, ""total_video_buffering_second'"
185,"b's"": 0, ""v2_total_video_watch_time_seconds"": 1350, ""v2_total_video_buffering_seconds"": 0, ""total_music_audio_play_seconds"": null,'"
186,"b' ""total_music_audio_buffer_seconds"": null, ""ride"": {""has_closed_captions"": false, ""content_provider"": ""peloton"", ""content_format'"
187,"b'"": ""video"", ""description"": ""Ride along to iconic hip hop tracks from the 2000s!"", ""difficulty_rating_avg"": 7.3925, ""difficulty_r'"
188,"b'ating_count"": 9315, ""difficulty_level"": null, ""distance"": null, ""distance_display_value"": null, ""distance_unit"": null, ""duration'"
189,"b'"": 1200, ""dynamic_video_recorded_speed_in_mph"": 0.0, ""extra_images"": [], ""fitness_discipline"": ""cycling"", ""fitness_discipline_di'"
190,"b'splay_name"": ""Cycling"", ""has_pedaling_metrics"": true, ""home_peloton_id"": ""b12f47699cae4712b1d65365f78ef0ff"", ""id"": ""a90521e0157d'"
191,"b'4082ab369b47d7a2829c"", ""image_url"": ""https://s3.amazonaws.com/peloton-ride-images/d7f3b96762942d3cabbbe493632b91b6b0d72231/img_1'"
192,"b'666094318_31f59833db5a40a0871ce56dfeefbdf5.png"", ""instructor_id"": ""731d7b7f6b414a49892c21f01e25317d"", ""is_archived"": true, ""is_c'"
193,"b'losed_caption_shown"": false, ""is_dynamic_video_eligible"": false, ""is_explicit"": false, ""is_fixed_distance"": false, ""is_live_in_s'"
194,"b'tudio_only"": true, ""language"": ""english"", ""length"": 1378, ""live_stream_id"": ""a90521e0157d4082ab369b47d7a2829c-live"", ""live_strea'"
195,"b'm_url"": null, ""location"": ""psny-studio-1"", ""metrics"": [""heart_rate"", ""cadence"", ""calories""], ""origin_locale"": ""en-US"", ""original'"
196,"b'_air_time"": 1666092420, ""overall_rating_avg"": 0.9969, ""overall_rating_count"": 8354, ""pedaling_start_offset"": 60, ""pedaling_end_o'"
197,"b'ffset"": 1260, ""pedaling_duration"": 1200, ""rating"": 0, ""ride_type_id"": ""c87e20095d80463db5ce04df7fe2b989"", ""ride_type_ids"": [""c87'"
198,"b'e20095d80463db5ce04df7fe2b989""], ""sample_vod_stream_url"": null, ""sample_preview_stream_url"": null, ""scheduled_start_time"": 16660'"
199,"b'92900, ""series_id"": ""26bf70b15a754694a70284b85e437bb1"", ""sold_out"": false, ""studio_peloton_id"": ""61ef2111cc414e498f9545be696fbc7'"
200,"b'2"", ""title"": ""20 min 2000s Hip Hop Ride"", ""total_ratings"": 0, ""total_in_progress_workouts"": 8, ""total_workouts"": 82735, ""vod_str'"
201,"b'eam_url"": ""https://amd-vod.akamaized.net/classes/cycling/10-2022/a90521e0157d4082ab369b47d7a2829c/2/master.m3u8"", ""vod_stream_id'"
202,"b'"": ""a90521e0157d4082ab369b47d7a2829c-vod"", ""class_type_ids"": [""c87e20095d80463db5ce04df7fe2b989""], ""difficulty_estimate"": 7.3925'"
203,"b', ""overall_estimate"": 0.9969, ""availability"": {""is_available"": true, ""reason"": null}, ""explicit_rating"": 0, ""flags"": []}, ""creat'"
204,"b'ed"": 1668034930, ""device_time_created_at"": 1668016930, ""strava_id"": null, ""fitbit_id"": null, ""effort_zones"": null, ""service_id"":'"
205,"b' null}, {""created_at"": 1667845310, ""device_type"": ""home_bike_v1"", ""end_time"": 1667846570, ""fitness_discipline"": ""cycling"", ""has_'"
206,"b'pedaling_metrics"": true, ""has_leaderboard_metrics"": true, ""id"": ""2b8f858d2828411587217c30f7fe82de"", ""is_total_work_personal_reco'"
207,"b'rd"": false, ""is_outdoor"": false, ""metrics_type"": ""cycling"", ""name"": ""Cycling Workout"", ""peloton_id"": ""6211f700684147d69b0ef4faa7'"
208,"b'820c8c"", ""platform"": ""home_bike"", ""start_time"": 1667845371, ""status"": ""COMPLETE"", ""timezone"": ""Etc/GMT+5"", ""title"": null, ""total'"
209,"b'_work"": 105113.79, ""user_id"": ""c79c34efae2c4669a07c935df1aeb988"", ""workout_type"": ""class"", ""total_video_watch_time_seconds"": 0, '"
210,"b'""total_video_buffering_seconds"": 0, ""v2_total_video_watch_time_seconds"": 1364, ""v2_total_video_buffering_seconds"": 0, ""total_mus'"
211,"b'ic_audio_play_seconds"": null, ""total_music_audio_buffer_seconds"": null, ""ride"": {""has_closed_captions"": false, ""content_provider'"
212,"b'"": ""peloton"", ""content_format"": ""video"", ""description"": ""Enjoy new music as you ride to the latest and greatest on the charts."",'"
213,"b' ""difficulty_rating_avg"": 7.0472, ""difficulty_rating_count"": 12532, ""difficulty_level"": null, ""distance"": null, ""distance_displa'"
214,"b'y_value"": null, ""distance_unit"": null, ""duration"": 1200, ""dynamic_video_recorded_speed_in_mph"": 0.0, ""extra_images"": [], ""fitnes'"
215,"b's_discipline"": ""cycling"", ""fitness_discipline_display_name"": ""Cycling"", ""has_pedaling_metrics"": true, ""home_peloton_id"": ""8a43f9'"
216,"b'2ce07446388d2d4d8fbea88c1d"", ""id"": ""c76203f75cbc4589aee494bcd57394f1"", ""image_url"": ""https://s3.amazonaws.com/peloton-ride-image'"
217,"b's/46d92e37779a9bf8a8427d682f9717fd266467dc/img_1661958046_0e03c87bbc3d42879328f2345adf3585.png"", ""instructor_id"": ""f6f2d613dc344'"
218,"b'e4bbf6428cd34697820"", ""is_archived"": true, ""is_closed_caption_shown"": false, ""is_dynamic_video_eligible"": false, ""is_explicit"": '"
219,"b'true, ""is_fixed_distance"": false, ""is_live_in_studio_only"": true, ""language"": ""english"", ""length"": 1372, ""live_stream_id"": ""c762'"
220,"b'03f75cbc4589aee494bcd57394f1-live"", ""live_stream_url"": null, ""location"": ""psny-studio-1"", ""metrics"": [""heart_rate"", ""cadence"", ""'"
221,"b'calories""], ""origin_locale"": ""en-US"", ""original_air_time"": 1661956020, ""overall_rating_avg"": 0.9944, ""overall_rating_count"": 122'"
222,"b'16, ""pedaling_start_offset"": 60, ""pedaling_end_offset"": 1260, ""pedaling_duration"": 1200, ""rating"": 0, ""ride_type_id"": ""c87e20095'"
223,"b'd80463db5ce04df7fe2b989"", ""ride_type_ids"": [""c87e20095d80463db5ce04df7fe2b989""], ""sample_vod_stream_url"": null, ""sample_preview_'"
224,"b'stream_url"": null, ""scheduled_start_time"": 1661956500, ""series_id"": ""c47780ab765c40228eaddb45635373c9"", ""sold_out"": false, ""stud'"
225,"b'io_peloton_id"": ""362b426b82d34aedb44302415e2f935a"", ""title"": ""20 min New Tracks Ride"", ""total_ratings"": 0, ""total_in_progress_wo'"
226,"b'rkouts"": 0, ""total_workouts"": 100353, ""vod_stream_url"": ""https://amd-vod.akamaized.net/classes/cycling/08-2022/c76203f75cbc4589a'"
227,"b'ee494bcd57394f1/2/master.m3u8"", ""vod_stream_id"": ""c76203f75cbc4589aee494bcd57394f1-vod"", ""class_type_ids"": [""c87e20095d80463db5c'"
228,"b'e04df7fe2b989""], ""difficulty_estimate"": 7.0472, ""overall_estimate"": 0.9944, ""availability"": {""is_available"": true, ""reason"": nul'"
229,"b'l}, ""explicit_rating"": 1, ""flags"": []}, ""created"": 1667845310, ""device_time_created_at"": 1667827310, ""strava_id"": null, ""fitbit_'"
230,"b'id"": null, ""effort_zones"": null, ""service_id"": null}, {""created_at"": 1667746884, ""device_type"": ""home_bike_v1"", ""end_time"": 1667'"
231,"b'748144, ""fitness_discipline"": ""cycling"", ""has_pedaling_metrics"": true, ""has_leaderboard_metrics"": true, ""id"": ""292dc43a37974af09'"
232,"b'bbd6799295f7b6c"", ""is_total_work_personal_record"": true, ""is_outdoor"": false, ""metrics_type"": ""cycling"", ""name"": ""Cycling Workou'"
233,"b't"", ""peloton_id"": ""f3e84dc68ecf44c8b1030139ced716a5"", ""platform"": ""home_bike"", ""start_time"": 1667746945, ""status"": ""COMPLETE"", ""'"
234,"b'timezone"": ""Etc/GMT+5"", ""title"": null, ""total_work"": 133580.09, ""user_id"": ""c79c34efae2c4669a07c935df1aeb988"", ""workout_type"": ""'"
235,"b'class"", ""total_video_watch_time_seconds"": 0, ""total_video_buffering_seconds"": 0, ""v2_total_video_watch_time_seconds"": 1350, ""v2_'"
236,"b'total_video_buffering_seconds"": 0, ""total_music_audio_play_seconds"": null, ""total_music_audio_buffer_seconds"": null, ""ride"": {""h'"
237,"b'as_closed_captions"": false, ""content_provider"": ""peloton"", ""content_format"": ""video"", ""description"": ""The dance floor is calling'"
238,"b'! Get into the vibe and ride to the rhythm of 90s dance music!"", ""difficulty_rating_avg"": 7.886, ""difficulty_rating_count"": 5236'"
239,"b', ""difficulty_level"": null, ""distance"": null, ""distance_display_value"": null, ""distance_unit"": null, ""duration"": 1200, ""dynamic_'"
240,"b'video_recorded_speed_in_mph"": 0.0, ""extra_images"": [], ""fitness_discipline"": ""cycling"", ""fitness_discipline_display_name"": ""Cycl'"
241,"b'ing"", ""has_pedaling_metrics"": true, ""home_peloton_id"": ""8a110d79356c4042b3604f94754b074d"", ""id"": ""c57f5587deae43eaa011271c8a35e5'"
242,"b'a8"", ""image_url"": ""https://s3.amazonaws.com/peloton-ride-images/4c2c33ff1900f286d9573997a0420924d99dc905/img_1667504720_57c2094c'"
243,"b'11bd49ee855ce2de081e3828.png"", ""instructor_id"": ""7f3de5e78bb44d8591a0f77f760478c3"", ""is_archived"": true, ""is_closed_caption_show'"
244,"b'n"": false, ""is_dynamic_video_eligible"": false, ""is_explicit"": false, ""is_fixed_distance"": false, ""is_live_in_studio_only"": true,'"
245,"b' ""language"": ""english"", ""length"": 1362, ""live_stream_id"": ""c57f5587deae43eaa011271c8a35e5a8-live"", ""live_stream_url"": null, ""loc'"
246,"b'ation"": ""psl-studio-1"", ""metrics"": [""heart_rate"", ""cadence"", ""calories""], ""origin_locale"": ""en-US"", ""original_air_time"": 1667501'"
247,"b'640, ""overall_rating_avg"": 0.9949, ""overall_rating_count"": 4929, ""pedaling_start_offset"": 60, ""pedaling_end_offset"": 1260, ""peda'"
248,"b'ling_duration"": 1200, ""rating"": 0, ""ride_type_id"": ""c87e20095d80463db5ce04df7fe2b989"", ""ride_type_ids"": [""c87e20095d80463db5ce04'"
249,"b'df7fe2b989""], ""sample_vod_stream_url"": null, ""sample_preview_stream_url"": null, ""scheduled_start_time"": 1667502000, ""series_id"":'"
250,"b' ""9b97f11988cb49eb9510b9e4232b8cee"", ""sold_out"": false, ""studio_peloton_id"": ""a4b9dd0f6e11421d91cfd2900589602d"", ""title"": ""20 mi'"
251,"b'n 90s Dance Ride"", ""total_ratings"": 0, ""total_in_progress_workouts"": 7, ""total_workouts"": 34436, ""vod_stream_url"": ""https://amd-'"
252,"b'vod.akamaized.net/classes/cycling/11-2022/c57f5587deae43eaa011271c8a35e5a8/2/master.m3u8"", ""vod_stream_id"": ""c57f5587deae43eaa01'"
253,"b'1271c8a35e5a8-vod"", ""class_type_ids"": [""c87e20095d80463db5ce04df7fe2b989""], ""difficulty_estimate"": 7.886, ""overall_estimate"": 0.'"
254,"b'9949, ""availability"": {""is_available"": true, ""reason"": null}, ""explicit_rating"": 0, ""flags"": []}, ""created"": 1667746884, ""device'"
255,"b'_time_created_at"": 1667728884, ""strava_id"": null, ""fitbit_id"": null, ""effort_zones"": null, ""service_id"": null}, {""created_at"": 1'"
256,"b'667687051, ""device_type"": ""home_bike_v1"", ""end_time"": 1667688268, ""fitness_discipline"": ""cycling"", ""has_pedaling_metrics"": true,'"
257,"b' ""has_leaderboard_metrics"": true, ""id"": ""a14db5e9c24c44878d7a71f95aa6097b"", ""is_total_work_personal_record"": false, ""is_outdoor""'"
258,"b': false, ""metrics_type"": ""cycling"", ""name"": ""Cycling Workout"", ""peloton_id"": ""a9429dc4d67a47a8a80ea71e8c7870aa"", ""platform"": ""ho'"
259,"b'me_bike"", ""start_time"": 1667687069, ""status"": ""COMPLETE"", ""timezone"": ""Etc/GMT+4"", ""title"": null, ""total_work"": 79675.8, ""user_i'"
260,"b'd"": ""c79c34efae2c4669a07c935df1aeb988"", ""workout_type"": ""class"", ""total_video_watch_time_seconds"": 0, ""total_video_buffering_sec'"
261,"b'onds"": 0, ""v2_total_video_watch_time_seconds"": 1319, ""v2_total_video_buffering_seconds"": 1, ""total_music_audio_play_seconds"": nu'"
262,"b'll, ""total_music_audio_buffer_seconds"": null, ""ride"": {""has_closed_captions"": false, ""content_provider"": ""peloton"", ""content_for'"
263,"b'mat"": ""video"", ""description"": ""We dare you not to dance as you ride to all the hits from the pop music charts. Let\\u2019s party!'"
264,"b'"", ""difficulty_rating_avg"": 7.1363, ""difficulty_rating_count"": 31274, ""difficulty_level"": null, ""distance"": null, ""distance_disp'"
265,"b'lay_value"": null, ""distance_unit"": null, ""duration"": 1200, ""dynamic_video_recorded_speed_in_mph"": 0.0, ""extra_images"": [], ""fitn'"
266,"b'ess_discipline"": ""cycling"", ""fitness_discipline_display_name"": ""Cycling"", ""has_pedaling_metrics"": true, ""home_peloton_id"": ""8d79'"
267,"b'5e20a9564a4faf394d57cb3a0c1f"", ""id"": ""83c17e9d749c434892d486106a04b1f1"", ""image_url"": ""https://s3.amazonaws.com/peloton-ride-ima'"
268,"b'ges/64f1601651f5e1870d4e362e033396e673b49522/img_1660314464_d76fab5c04684411a29df5fd7ffeb9d8.png"", ""instructor_id"": ""baf5dfb4c6a'"
269,"b'c4968b2cb7f8f8cc0ef10"", ""is_archived"": true, ""is_closed_caption_shown"": false, ""is_dynamic_video_eligible"": false, ""is_explicit""'"
270,"b': true, ""is_fixed_distance"": false, ""is_live_in_studio_only"": true, ""language"": ""english"", ""length"": 1372, ""live_stream_id"": ""83'"
271,"b'c17e9d749c434892d486106a04b1f1-live"", ""live_stream_url"": null, ""location"": ""psny-studio-1"", ""metrics"": [""heart_rate"", ""cadence"",'"
272,"b' ""calories""], ""origin_locale"": ""en-US"", ""original_air_time"": 1660312500, ""overall_rating_avg"": 0.9944, ""overall_rating_count"": 2'"
273,"b'9776, ""pedaling_start_offset"": 60, ""pedaling_end_offset"": 1260, ""pedaling_duration"": 1200, ""rating"": 0, ""ride_type_id"": ""c87e200'"
274,"b'95d80463db5ce04df7fe2b989"", ""ride_type_ids"": [""c87e20095d80463db5ce04df7fe2b989""], ""sample_vod_stream_url"": null, ""sample_previe'"
275,"b'w_stream_url"": null, ""scheduled_start_time"": 1660312800, ""series_id"": ""b0fb492940584b82986a10426cd3c5a5"", ""sold_out"": false, ""st'"
276,"b'udio_peloton_id"": ""c8f775dbea064c58bde39c6f9ba0fb5f"", ""title"": ""20 min Pop Ride"", ""total_ratings"": 0, ""total_in_progress_workout'"
277,"b's"": 2, ""total_workouts"": 300696, ""vod_stream_url"": ""https://amd-vod.akamaized.net/classes/cycling/08-2022/83c17e9d749c434892d486'"
278,"b'106a04b1f1/2/master.m3u8"", ""vod_stream_id"": ""83c17e9d749c434892d486106a04b1f1-vod"", ""class_type_ids"": [""c87e20095d80463db5ce04df'"
279,"b'7fe2b989""], ""difficulty_estimate"": 7.1363, ""overall_estimate"": 0.9944, ""availability"": {""is_available"": true, ""reason"": null}, ""'"
280,"b'explicit_rating"": 1, ""flags"": []}, ""created"": 1667687051, ""device_time_created_at"": 1667672651, ""strava_id"": null, ""fitbit_id"": '"
281,"b'null, ""effort_zones"": null, ""service_id"": null}, {""created_at"": 1667297449, ""device_type"": ""home_bike_v1"", ""end_time"": 166729870'"
282,"b'9, ""fitness_discipline"": ""cycling"", ""has_pedaling_metrics"": true, ""has_leaderboard_metrics"": true, ""id"": ""6dbee24f4c34425babbe49'"
283,"b'7923fb6514"", ""is_total_work_personal_record"": false, ""is_outdoor"": false, ""metrics_type"": ""cycling"", ""name"": ""Cycling Workout"", '"
284,"b'""peloton_id"": ""c07ea494447745ff81e7583462fbfc3e"", ""platform"": ""home_bike"", ""start_time"": 1667297510, ""status"": ""COMPLETE"", ""time'"
285,"b'zone"": ""Etc/GMT+4"", ""title"": null, ""total_work"": 109026.84, ""user_id"": ""c79c34efae2c4669a07c935df1aeb988"", ""workout_type"": ""clas'"
286,"b's"", ""total_video_watch_time_seconds"": 0, ""total_video_buffering_seconds"": 0, ""v2_total_video_watch_time_seconds"": 1379, ""v2_tota'"
287,"b'l_video_buffering_seconds"": 1, ""total_music_audio_play_seconds"": null, ""total_music_audio_buffer_seconds"": null, ""ride"": {""has_c'"
288,"b'losed_captions"": false, ""content_provider"": ""peloton"", ""content_format"": ""video"", ""description"": ""It\'s not about where you\'ve be'"
289,"b'en but where the bass will take you when it drops in this electronic dance music ride!"", ""difficulty_rating_avg"": 7.2952, ""diffi'"
290,"b'culty_rating_count"": 7321, ""difficulty_level"": null, ""distance"": null, ""distance_display_value"": null, ""distance_unit"": null, ""d'"
291,"b'uration"": 1200, ""dynamic_video_recorded_speed_in_mph"": 0.0, ""extra_images"": [], ""fitness_discipline"": ""cycling"", ""fitness_discip'"
292,"b'line_display_name"": ""Cycling"", ""has_pedaling_metrics"": true, ""home_peloton_id"": ""1add4ad5e5cc4a92b27e22805b579bbe"", ""id"": ""46140'"
293,"b'b65e07c426e91dacfa887ce111e"", ""image_url"": ""https://s3.amazonaws.com/peloton-ride-images/557314bc88a7467a90c7bf8c4eee2d6c153b48c'"
294,"b'6/img_1666189430_621abe154b004494b0ae6a200517cd97.png"", ""instructor_id"": ""f6f2d613dc344e4bbf6428cd34697820"", ""is_archived"": true'"
295,"b', ""is_closed_caption_shown"": false, ""is_dynamic_video_eligible"": false, ""is_explicit"": false, ""is_fixed_distance"": false, ""is_li'"
296,"b've_in_studio_only"": true, ""language"": ""english"", ""length"": 1384, ""live_stream_id"": ""46140b65e07c426e91dacfa887ce111e-live"", ""liv'"
297,"b'e_stream_url"": null, ""location"": ""psny-studio-1"", ""metrics"": [""heart_rate"", ""cadence"", ""calories""], ""origin_locale"": ""en-US"", ""o'"
298,"b'riginal_air_time"": 1666187580, ""overall_rating_avg"": 0.9969, ""overall_rating_count"": 7102, ""pedaling_start_offset"": 60, ""pedalin'"
299,"b'g_end_offset"": 1260, ""pedaling_duration"": 1200, ""rating"": 0, ""ride_type_id"": ""c87e20095d80463db5ce04df7fe2b989"", ""ride_type_ids""'"
300,"b': [""c87e20095d80463db5ce04df7fe2b989""], ""sample_vod_stream_url"": null, ""sample_preview_stream_url"": null, ""scheduled_start_time""'"
301,"b': 1666188000, ""series_id"": ""a0b4ddda87dc4d65b9c769afb5a4617b"", ""sold_out"": false, ""studio_peloton_id"": ""9e6fb1da310649228952f24e'"
302,"b'c455336f"", ""title"": ""20 min EDM Ride"", ""total_ratings"": 0, ""total_in_progress_workouts"": 3, ""total_workouts"": 53798, ""vod_stream'"
303,"b'_url"": ""https://amd-vod.akamaized.net/classes/cycling/10-2022/46140b65e07c426e91dacfa887ce111e/2/master.m3u8"", ""vod_stream_id"": '"
304,"b'""46140b65e07c426e91dacfa887ce111e-vod"", ""class_type_ids"": [""c87e20095d80463db5ce04df7fe2b989""], ""difficulty_estimate"": 7.2952, ""'"
305,"b'overall_estimate"": 0.9969, ""availability"": {""is_available"": true, ""reason"": null}, ""explicit_rating"": 0, ""flags"": []}, ""created""'"
306,"b': 1667297449, ""device_time_created_at"": 1667283049, ""strava_id"": null, ""fitbit_id"": null, ""effort_zones"": null, ""service_id"": nu'"
307,"b'll}, {""created_at"": 1667227193, ""device_type"": ""home_bike_v1"", ""end_time"": 1667228452, ""fitness_discipline"": ""cycling"", ""has_ped'"
308,"b'aling_metrics"": true, ""has_leaderboard_metrics"": true, ""id"": ""538e9ed0a2b1408a9e93f9bbd5f235c7"", ""is_total_work_personal_record""'"
309,"b': false, ""is_outdoor"": false, ""metrics_type"": ""cycling"", ""name"": ""Cycling Workout"", ""peloton_id"": ""bf36684e79e148b0a457f4657657c'"
310,"b'37f"", ""platform"": ""home_bike"", ""start_time"": 1667227255, ""status"": ""COMPLETE"", ""timezone"": ""Etc/GMT+4"", ""title"": null, ""total_wo'"
311,"b'rk"": 98374.26, ""user_id"": ""c79c34efae2c4669a07c935df1aeb988"", ""workout_type"": ""class"", ""total_video_watch_time_seconds"": 0, ""tot'"
312,"b'al_video_buffering_seconds"": 0, ""v2_total_video_watch_time_seconds"": 1348, ""v2_total_video_buffering_seconds"": 0, ""total_music_a'"
313,"b'udio_play_seconds"": null, ""total_music_audio_buffer_seconds"": null, ""ride"": {""has_closed_captions"": false, ""content_provider"": ""'"
314,"b'peloton"", ""content_format"": ""video"", ""description"": ""Let the power of the playlist move you. In this choreography-based class, y'"
315,"b'ou\\u2019ll be dancing along to the hottest beats on the Bike. No experience needed!"", ""difficulty_rating_avg"": 7.0826, ""difficul'"
316,"b'ty_rating_count"": 6694, ""difficulty_level"": null, ""distance"": null, ""distance_display_value"": null, ""distance_unit"": null, ""dura'"
317,"b'tion"": 1200, ""dynamic_video_recorded_speed_in_mph"": 0.0, ""extra_images"": [], ""fitness_discipline"": ""cycling"", ""fitness_disciplin'"
318,"b'e_display_name"": ""Cycling"", ""has_pedaling_metrics"": true, ""home_peloton_id"": ""5baa4d2e782646aba42d7884b784941f"", ""id"": ""43873642'"
319,"b'c38040b18fa6de448ebdb053"", ""image_url"": ""https://s3.amazonaws.com/peloton-ride-images/67bb798248751c836764a8b8458334d9556db7fa/i'"
320,"b'mg_1666191578_aa290459d5484ec9b24a9e59ec10ada9.png"", ""instructor_id"": ""f6f2d613dc344e4bbf6428cd34697820"", ""is_archived"": true, ""'"
321,"b'is_closed_caption_shown"": false, ""is_dynamic_video_eligible"": false, ""is_explicit"": false, ""is_fixed_distance"": false, ""is_live_'"
322,"b'in_studio_only"": true, ""language"": ""english"", ""length"": 1352, ""live_stream_id"": ""43873642c38040b18fa6de448ebdb053-live"", ""live_s'"
323,"b'tream_url"": null, ""location"": ""psny-studio-1"", ""metrics"": [""heart_rate"", ""cadence"", ""calories""], ""origin_locale"": ""en-US"", ""orig'"
324,"b'inal_air_time"": 1666189680, ""overall_rating_avg"": 0.9941, ""overall_rating_count"": 6613, ""pedaling_start_offset"": 60, ""pedaling_e'"
325,"b'nd_offset"": 1260, ""pedaling_duration"": 1200, ""rating"": 0, ""ride_type_id"": ""9745b8e2cb274a28b096387073a5d993"", ""ride_type_ids"": ['"
326,"b'""9745b8e2cb274a28b096387073a5d993""], ""sample_vod_stream_url"": null, ""sample_preview_stream_url"": null, ""scheduled_start_time"": 1'"
327,"b'666190100, ""series_id"": ""bfef9762bc0b4820a5effc8e830f07b7"", ""sold_out"": false, ""studio_peloton_id"": ""01af5d2a8f314e8a8e16d398914'"
328,"b'c2346"", ""title"": ""20 min Groove Ride"", ""total_ratings"": 0, ""total_in_progress_workouts"": 3, ""total_workouts"": 49108, ""vod_stream'"
329,"b'_url"": ""https://amd-vod.akamaized.net/classes/cycling/10-2022/43873642c38040b18fa6de448ebdb053/2/master.m3u8"", ""vod_stream_id"": '"
330,"b'""43873642c38040b18fa6de448ebdb053-vod"", ""class_type_ids"": [""9745b8e2cb274a28b096387073a5d993""], ""difficulty_estimate"": 7.0826, ""'"
331,"b'overall_estimate"": 0.9941, ""availability"": {""is_available"": true, ""reason"": null}, ""explicit_rating"": 0, ""flags"": []}, ""created""'"
332,"b': 1667227193, ""device_time_created_at"": 1667212793, ""strava_id"": null, ""fitbit_id"": null, ""effort_zones"": null, ""service_id"": nu'"
333,"b'll}, {""created_at"": 1666742302, ""device_type"": ""home_bike_v1"", ""end_time"": 1666743561, ""fitness_discipline"": ""cycling"", ""has_ped'"
334,"b'aling_metrics"": true, ""has_leaderboard_metrics"": true, ""id"": ""9369316f983f4775bb6ed5eb8fdaac25"", ""is_total_work_personal_record""'"
335,"b': false, ""is_outdoor"": false, ""metrics_type"": ""cycling"", ""name"": ""Cycling Workout"", ""peloton_id"": ""47188db03cf343a0b81b8ae3e7bed'"
336,"b'438"", ""platform"": ""home_bike"", ""start_time"": 1666742364, ""status"": ""COMPLETE"", ""timezone"": ""Etc/GMT+4"", ""title"": null, ""total_wo'"
337,"b'rk"": 112480.35, ""user_id"": ""c79c34efae2c4669a07c935df1aeb988"", ""workout_type"": ""class"", ""total_video_watch_time_seconds"": 0, ""to'"
338,"b'tal_video_buffering_seconds"": 0, ""v2_total_video_watch_time_seconds"": 1320, ""v2_total_video_buffering_seconds"": 0, ""total_music_'"
339,"b'audio_play_seconds"": null, ""total_music_audio_buffer_seconds"": null, ""ride"": {""has_closed_captions"": false, ""content_provider"": '"
340,"b'""peloton"", ""content_format"": ""video"", ""description"": ""Ride along to iconic hip hop tracks from the 2000s!"", ""difficulty_rating_a'"
341,"b'vg"": 7.4431, ""difficulty_rating_count"": 10273, ""difficulty_level"": null, ""distance"": null, ""distance_display_value"": null, ""dist'"
342,"b'ance_unit"": null, ""duration"": 1200, ""dynamic_video_recorded_speed_in_mph"": 0.0, ""extra_images"": [], ""fitness_discipline"": ""cycli'"
343,"b'ng"", ""fitness_discipline_display_name"": ""Cycling"", ""has_pedaling_metrics"": true, ""home_peloton_id"": ""c0edaaf4c64647fb897a1b30118'"
344,"b'fc5a4"", ""id"": ""5acd00dc1af84781b9a4690c1839d5d1"", ""image_url"": ""https://s3.amazonaws.com/peloton-ride-images/6cf999af5eb80f3a4e3'"
345,"b'ebee8f5c4f0c2e4c64050/img_1664314123_3eb86c21448f4abb80df5ae8a3c93322.png"", ""instructor_id"": ""f6f2d613dc344e4bbf6428cd34697820"",'"
346,"b' ""is_archived"": true, ""is_closed_caption_shown"": false, ""is_dynamic_video_eligible"": false, ""is_explicit"": true, ""is_fixed_dista'"
347,"b'nce"": false, ""is_live_in_studio_only"": true, ""language"": ""english"", ""length"": 1350, ""live_stream_id"": ""5acd00dc1af84781b9a4690c1'"
348,"b'839d5d1-live"", ""live_stream_url"": null, ""location"": ""psny-studio-1"", ""metrics"": [""heart_rate"", ""cadence"", ""calories""], ""origin_l'"
349,"b'ocale"": ""en-US"", ""original_air_time"": 1666623600, ""overall_rating_avg"": 0.9971, ""overall_rating_count"": 9604, ""pedaling_start_of'"
350,"b'fset"": 60, ""pedaling_end_offset"": 1260, ""pedaling_duration"": 1200, ""rating"": 0, ""ride_type_id"": ""c87e20095d80463db5ce04df7fe2b98'"
351,"b'9"", ""ride_type_ids"": [""c87e20095d80463db5ce04df7fe2b989""], ""sample_vod_stream_url"": null, ""sample_preview_stream_url"": null, ""sc'"
352,"b'heduled_start_time"": 1666623600, ""series_id"": ""26bf70b15a754694a70284b85e437bb1"", ""sold_out"": false, ""studio_peloton_id"": ""cb441'"
353,"b'b0aa54e43b78afee3d587a3f6c7"", ""title"": ""20 min 2000s Hip Hop Ride"", ""total_ratings"": 0, ""total_in_progress_workouts"": 9, ""total_'"
354,"b'workouts"": 89978, ""vod_stream_url"": ""https://amd-vod.akamaized.net/classes/cycling/10-2022/5acd00dc1af84781b9a4690c1839d5d1/2/ma'"
355,"b'ster.m3u8"", ""vod_stream_id"": ""5acd00dc1af84781b9a4690c1839d5d1-vod"", ""class_type_ids"": [""c87e20095d80463db5ce04df7fe2b989""], ""di'"
356,"b'fficulty_estimate"": 7.4431, ""overall_estimate"": 0.9971, ""availability"": {""is_available"": true, ""reason"": null}, ""explicit_rating'"
357,"b'"": 1, ""flags"": []}, ""created"": 1666742302, ""device_time_created_at"": 1666727902, ""strava_id"": null, ""fitbit_id"": null, ""effort_z'"
358,"b'ones"": null, ""service_id"": null}, {""created_at"": 1664729924, ""device_type"": ""home_bike_v1"", ""end_time"": 1664731183, ""fitness_dis'"
359,"b'cipline"": ""cycling"", ""has_pedaling_metrics"": true, ""has_leaderboard_metrics"": true, ""id"": ""dda6d1cdeec846acac2a0144097f02b9"", ""i'"
360,"b's_total_work_personal_record"": false, ""is_outdoor"": false, ""metrics_type"": ""cycling"", ""name"": ""Cycling Workout"", ""peloton_id"": ""'"
361,"b'17b73724d64446b5a0d3e1f57751c7fd"", ""platform"": ""home_bike"", ""start_time"": 1664729986, ""status"": ""COMPLETE"", ""timezone"": ""Etc/GMT'"
362,"b'+4"", ""title"": null, ""total_work"": 102128.48, ""user_id"": ""c79c34efae2c4669a07c935df1aeb988"", ""workout_type"": ""class"", ""total_vide'"
363,"b'o_watch_time_seconds"": 0, ""total_video_buffering_seconds"": 0, ""v2_total_video_watch_time_seconds"": 1320, ""v2_total_video_bufferi'"
364,"b'ng_seconds"": 0, ""total_music_audio_play_seconds"": null, ""total_music_audio_buffer_seconds"": null, ""ride"": {""has_closed_captions""'"
365,"b': false, ""content_provider"": ""peloton"", ""content_format"": ""video"", ""description"": ""Ride along to incredible funk tracks that com'"
366,"b'bine soul, jazz, and rhythm and blues. You\\u2019ll be grooving all ride long!"", ""difficulty_rating_avg"": 7.2001, ""difficulty_rat'"
367,"b'ing_count"": 10810, ""difficulty_level"": null, ""distance"": null, ""distance_display_value"": null, ""distance_unit"": null, ""duration""'"
368,"b': 1200, ""dynamic_video_recorded_speed_in_mph"": 0.0, ""extra_images"": [], ""fitness_discipline"": ""cycling"", ""fitness_discipline_dis'"
369,"b'play_name"": ""Cycling"", ""has_pedaling_metrics"": true, ""home_peloton_id"": ""5b5eca79b7a84c3798dd81fbab994788"", ""id"": ""d35152af1fbf4'"
370,"b'6f29d03e60947e401f0"", ""image_url"": ""https://s3.amazonaws.com/peloton-ride-images/afc3988278fa81fd462dbdb00a08e6672f813823/img_16'"
371,"b'61896617_285b14b0258044f3b8ea498b6349becd.png"", ""instructor_id"": ""f6f2d613dc344e4bbf6428cd34697820"", ""is_archived"": true, ""is_cl'"
372,"b'osed_caption_shown"": false, ""is_dynamic_video_eligible"": false, ""is_explicit"": false, ""is_fixed_distance"": false, ""is_live_in_st'"
373,"b'udio_only"": true, ""language"": ""english"", ""length"": 1334, ""live_stream_id"": ""d35152af1fbf46f29d03e60947e401f0-live"", ""live_stream'"
374,"b'_url"": null, ""location"": ""psny-studio-1"", ""metrics"": [""heart_rate"", ""cadence"", ""calories""], ""origin_locale"": ""en-US"", ""original_'"
375,"b'air_time"": 1662994800, ""overall_rating_avg"": 0.9979, ""overall_rating_count"": 10095, ""pedaling_start_offset"": 60, ""pedaling_end_o'"
376,"b'ffset"": 1260, ""pedaling_duration"": 1200, ""rating"": 0, ""ride_type_id"": ""c87e20095d80463db5ce04df7fe2b989"", ""ride_type_ids"": [""c87'"
377,"b'e20095d80463db5ce04df7fe2b989""], ""sample_vod_stream_url"": null, ""sample_preview_stream_url"": null, ""scheduled_start_time"": 16629'"
378,"b'94800, ""series_id"": ""09cab7497e7c4518bede30e8fed31b86"", ""sold_out"": false, ""studio_peloton_id"": ""45271ce3980e4af494dd8102d49ec9f'"
379,"b'd"", ""title"": ""20 min Funk Ride"", ""total_ratings"": 0, ""total_in_progress_workouts"": 1, ""total_workouts"": 67213, ""vod_stream_url"":'"
380,"b' ""https://amd-vod.akamaized.net/classes/cycling/09-2022/d35152af1fbf46f29d03e60947e401f0/2/master.m3u8"", ""vod_stream_id"": ""d3515'"
381,"b'2af1fbf46f29d03e60947e401f0-vod"", ""class_type_ids"": [""c87e20095d80463db5ce04df7fe2b989""], ""difficulty_estimate"": 7.2001, ""overal'"
382,"b'l_estimate"": 0.9979, ""availability"": {""is_available"": true, ""reason"": null}, ""explicit_rating"": 0, ""flags"": []}, ""created"": 1664'"
383,"b'729924, ""device_time_created_at"": 1664715524, ""strava_id"": null, ""fitbit_id"": null, ""effort_zones"": null, ""service_id"": null}, {'"
384,"b'""created_at"": 1664111901, ""device_type"": ""home_bike_v1"", ""end_time"": 1664113161, ""fitness_discipline"": ""cycling"", ""has_pedaling_'"
385,"b'metrics"": true, ""has_leaderboard_metrics"": true, ""id"": ""aba787863a624d75876c27919b991c46"", ""is_total_work_personal_record"": fals'"
386,"b'e, ""is_outdoor"": false, ""metrics_type"": ""cycling"", ""name"": ""Cycling Workout"", ""peloton_id"": ""73c44afc8c8b4654a7963a8a24647a9f"", '"
387,"b'""platform"": ""home_bike"", ""start_time"": 1664111962, ""status"": ""COMPLETE"", ""timezone"": ""Etc/GMT+4"", ""title"": null, ""total_work"": 1'"
388,"b'03640.06, ""user_id"": ""c79c34efae2c4669a07c935df1aeb988"", ""workout_type"": ""class"", ""total_video_watch_time_seconds"": 0, ""total_vi'"
389,"b'deo_buffering_seconds"": 0, ""v2_total_video_watch_time_seconds"": 1349, ""v2_total_video_buffering_seconds"": 1, ""total_music_audio_'"
390,"b'play_seconds"": null, ""total_music_audio_buffer_seconds"": null, ""ride"": {""has_closed_captions"": false, ""content_provider"": ""pelot'"
391,"b'on"", ""content_format"": ""video"", ""description"": ""We dare you not to dance as you ride to all the hits from the pop music charts. '"
392,"b'Let\\u2019s party!"", ""difficulty_rating_avg"": 7.097, ""difficulty_rating_count"": 15047, ""difficulty_level"": null, ""distance"": null'"
393,"b', ""distance_display_value"": null, ""distance_unit"": null, ""duration"": 1200, ""dynamic_video_recorded_speed_in_mph"": 0.0, ""extra_im'"
394,"b'ages"": [], ""fitness_discipline"": ""cycling"", ""fitness_discipline_display_name"": ""Cycling"", ""has_pedaling_metrics"": true, ""home_pe'"
395,"b'loton_id"": ""32d3601b8b864d35aeabd562a41b839e"", ""id"": ""3ec4af9b1bac42479f0f6b4c2bba4ebc"", ""image_url"": ""https://s3.amazonaws.com/'"
396,"b'peloton-ride-images/f944f085a3967c37bd48159770a95cdff564e876/img_1663770261_9f879543ff9240f4b0c3c10cd69f8bd5.png"", ""instructor_i'"
397,"b'd"": ""f6f2d613dc344e4bbf6428cd34697820"", ""is_archived"": true, ""is_closed_caption_shown"": false, ""is_dynamic_video_eligible"": fals'"
398,"b'e, ""is_explicit"": false, ""is_fixed_distance"": false, ""is_live_in_studio_only"": true, ""language"": ""english"", ""length"": 1376, ""liv'"
399,"b'e_stream_id"": ""3ec4af9b1bac42479f0f6b4c2bba4ebc-live"", ""live_stream_url"": null, ""location"": ""psny-studio-1"", ""metrics"": [""heart_'"
400,"b'rate"", ""cadence"", ""calories""], ""origin_locale"": ""en-US"", ""original_air_time"": 1663768500, ""overall_rating_avg"": 0.9979, ""overall'"
401,"b'_rating_count"": 14597, ""pedaling_start_offset"": 60, ""pedaling_end_offset"": 1260, ""pedaling_duration"": 1200, ""rating"": 0, ""ride_t'"
402,"b'ype_id"": ""c87e20095d80463db5ce04df7fe2b989"", ""ride_type_ids"": [""c87e20095d80463db5ce04df7fe2b989""], ""sample_vod_stream_url"": nul'"
403,"b'l, ""sample_preview_stream_url"": null, ""scheduled_start_time"": 1663768800, ""series_id"": ""b0fb492940584b82986a10426cd3c5a5"", ""sold'"
404,"b'_out"": false, ""studio_peloton_id"": ""bfa3c6df93f849e6af8e954cd65c6ba6"", ""title"": ""20 min Pop Ride"", ""total_ratings"": 0, ""total_in'"
405,"b'_progress_workouts"": 0, ""total_workouts"": 127896, ""vod_stream_url"": ""https://amd-vod.akamaized.net/classes/cycling/09-2022/3ec4a'"
406,"b'f9b1bac42479f0f6b4c2bba4ebc/1/master.m3u8"", ""vod_stream_id"": ""3ec4af9b1bac42479f0f6b4c2bba4ebc-vod"", ""class_type_ids"": [""c87e200'"
407,"b'95d80463db5ce04df7fe2b989""], ""difficulty_estimate"": 7.097, ""overall_estimate"": 0.9979, ""availability"": {""is_available"": true, ""r'"
408,"b'eason"": null}, ""explicit_rating"": 0, ""flags"": []}, ""created"": 1664111901, ""device_time_created_at"": 1664097501, ""strava_id"": nul'"
409,"b'l, ""fitbit_id"": null, ""effort_zones"": null, ""service_id"": null}, {""created_at"": 1663190674, ""device_type"": ""home_bike_v1"", ""end_'"
410,"b'time"": 1663191934, ""fitness_discipline"": ""cycling"", ""has_pedaling_metrics"": true, ""has_leaderboard_metrics"": true, ""id"": ""ac6e31'"
411,"b'c38c5c47b280b1a94380cb451f"", ""is_total_work_personal_record"": false, ""is_outdoor"": false, ""metrics_type"": ""cycling"", ""name"": ""Cy'"
412,"b'cling Workout"", ""peloton_id"": ""bcca14f09d1a417f9dff852718be269a"", ""platform"": ""home_bike"", ""start_time"": 1663190736, ""status"": ""'"
413,"b'COMPLETE"", ""timezone"": ""Etc/GMT+4"", ""title"": null, ""total_work"": 114022.15, ""user_id"": ""c79c34efae2c4669a07c935df1aeb988"", ""work'"
414,"b'out_type"": ""class"", ""total_video_watch_time_seconds"": 0, ""total_video_buffering_seconds"": 0, ""v2_total_video_watch_time_seconds""'"
415,"b': 1409, ""v2_total_video_buffering_seconds"": 1, ""total_music_audio_play_seconds"": null, ""total_music_audio_buffer_seconds"": null,'"
416,"b' ""ride"": {""has_closed_captions"": false, ""content_provider"": ""peloton"", ""content_format"": ""video"", ""description"": ""Heart-pumping '"
417,"b'buildups and mind-blowing beat drops will fuel you through this EDM trap ride!"", ""difficulty_rating_avg"": 7.4979, ""difficulty_ra'"
418,"b'ting_count"": 6262, ""difficulty_level"": null, ""distance"": null, ""distance_display_value"": null, ""distance_unit"": null, ""duration""'"
419,"b': 1200, ""dynamic_video_recorded_speed_in_mph"": 0.0, ""extra_images"": [], ""fitness_discipline"": ""cycling"", ""fitness_discipline_dis'"
420,"b'play_name"": ""Cycling"", ""has_pedaling_metrics"": true, ""home_peloton_id"": ""617a8c6e44e74c60a076b63f346adf92"", ""id"": ""bddbe01fcdb74'"
421,"b'9c694fc38ae09178b4d"", ""image_url"": ""https://s3.amazonaws.com/peloton-ride-images/97252d773ec3099a9c9214205c2a537ee8e4e11f/img_16'"
422,"b'63000076_91b1e8005d2e42f6bbfc0435190f2ee9.png"", ""instructor_id"": ""048f0ce00edb4427b2dced6cbeb107fd"", ""is_archived"": true, ""is_cl'"
423,"b'osed_caption_shown"": false, ""is_dynamic_video_eligible"": false, ""is_explicit"": true, ""is_fixed_distance"": false, ""is_live_in_stu'"
424,"b'dio_only"": true, ""language"": ""english"", ""length"": 1412, ""live_stream_id"": ""bddbe01fcdb749c694fc38ae09178b4d-live"", ""live_stream_'"
425,"b'url"": null, ""location"": ""psny-studio-1"", ""metrics"": [""heart_rate"", ""cadence"", ""calories""], ""origin_locale"": ""en-US"", ""original_a'"
426,"b'ir_time"": 1662997920, ""overall_rating_avg"": 0.9953, ""overall_rating_count"": 5984, ""pedaling_start_offset"": 60, ""pedaling_end_off'"
427,"b'set"": 1260, ""pedaling_duration"": 1200, ""rating"": 0, ""ride_type_id"": ""c87e20095d80463db5ce04df7fe2b989"", ""ride_type_ids"": [""c87e2'"
428,"b'0095d80463db5ce04df7fe2b989""], ""sample_vod_stream_url"": null, ""sample_preview_stream_url"": null, ""scheduled_start_time"": 1662998'"
429,"b'400, ""series_id"": ""4c21123736b4485789d2321d59ef81e3"", ""sold_out"": false, ""studio_peloton_id"": ""1b6c20bcf9824d559abfe9c5da5787f0""'"
430,"b', ""title"": ""20 min EDM Trap Ride"", ""total_ratings"": 0, ""total_in_progress_workouts"": 2, ""total_workouts"": 39676, ""vod_stream_url'"
431,"b'"": ""https://amd-vod.akamaized.net/classes/cycling/09-2022/bddbe01fcdb749c694fc38ae09178b4d/2/master.m3u8"", ""vod_stream_id"": ""bdd'"
432,"b'be01fcdb749c694fc38ae09178b4d-vod"", ""class_type_ids"": [""c87e20095d80463db5ce04df7fe2b989""], ""difficulty_estimate"": 7.4979, ""over'"
433,"b'all_estimate"": 0.9953, ""availability"": {""is_available"": true, ""reason"": null}, ""explicit_rating"": 1, ""flags"": []}, ""created"": 16'"
434,"b'63190674, ""device_time_created_at"": 1663176274, ""strava_id"": null, ""fitbit_id"": null, ""effort_zones"": null, ""service_id"": null},'"
435,"b' {""created_at"": 1663158683, ""device_type"": ""home_bike_v1"", ""end_time"": 1663159943, ""fitness_discipline"": ""cycling"", ""has_pedalin'"
436,"b'g_metrics"": true, ""has_leaderboard_metrics"": true, ""id"": ""cd198c2f64794f41b91c59254ce5f276"", ""is_total_work_personal_record"": fa'"
437,"b'lse, ""is_outdoor"": false, ""metrics_type"": ""cycling"", ""name"": ""Cycling Workout"", ""peloton_id"": ""6f5a04b310a24c4db6980dd5049fef1a""'"
438,"b', ""platform"": ""home_bike"", ""start_time"": 1663158745, ""status"": ""COMPLETE"", ""timezone"": ""Etc/GMT+4"", ""title"": null, ""total_work"":'"
439,"b' 106367.71, ""user_id"": ""c79c34efae2c4669a07c935df1aeb988"", ""workout_type"": ""class"", ""total_video_watch_time_seconds"": 0, ""total_'"
440,"b'video_buffering_seconds"": 0, ""v2_total_video_watch_time_seconds"": 1320, ""v2_total_video_buffering_seconds"": 0, ""total_music_audi'"
441,"b'o_play_seconds"": null, ""total_music_audio_buffer_seconds"": null, ""ride"": {""has_closed_captions"": false, ""content_provider"": ""pel'"
442,"b'oton"", ""content_format"": ""video"", ""description"": ""We dare you not to dance as you ride to all the hits from the pop music charts'"
443,"b'. Let\\u2019s party!"", ""difficulty_rating_avg"": 7.1862, ""difficulty_rating_count"": 27664, ""difficulty_level"": null, ""distance"": n'"
444,"b'ull, ""distance_display_value"": null, ""distance_unit"": null, ""duration"": 1200, ""dynamic_video_recorded_speed_in_mph"": 0.0, ""extra'"
445,"b'_images"": [], ""fitness_discipline"": ""cycling"", ""fitness_discipline_display_name"": ""Cycling"", ""has_pedaling_metrics"": true, ""home'"
446,"b'_peloton_id"": ""249be11d8f4a4c44b6390f86424b4830"", ""id"": ""657bc52dc9444ed99f8bdee1a85769a1"", ""image_url"": ""https://s3.amazonaws.c'"
447,"b'om/peloton-ride-images/21249bfdd0fac2d05a5705977f25f9d515c0e4ee/img_1663293745_b5419a2b4eb0443dbc7fe05ea3c7a04d.png"", ""instructo'"
448,"b'r_id"": ""baf5dfb4c6ac4968b2cb7f8f8cc0ef10"", ""is_archived"": true, ""is_closed_caption_shown"": false, ""is_dynamic_video_eligible"": f'"
449,"b'alse, ""is_explicit"": true, ""is_fixed_distance"": false, ""is_live_in_studio_only"": true, ""language"": ""english"", ""length"": 1341, ""l'"
450,"b'ive_stream_id"": ""657bc52dc9444ed99f8bdee1a85769a1-live"", ""live_stream_url"": null, ""location"": ""psny-studio-1"", ""metrics"": [""hear'"
451,"b't_rate"", ""cadence"", ""calories""], ""origin_locale"": ""en-US"", ""original_air_time"": 1663112220, ""overall_rating_avg"": 0.9931, ""overa'"
452,"b'll_rating_count"": 26580, ""pedaling_start_offset"": 60, ""pedaling_end_offset"": 1260, ""pedaling_duration"": 1200, ""rating"": 0, ""ride'"
453,"b'_type_id"": ""c87e20095d80463db5ce04df7fe2b989"", ""ride_type_ids"": [""c87e20095d80463db5ce04df7fe2b989""], ""sample_vod_stream_url"": n'"
454,"b'ull, ""sample_preview_stream_url"": null, ""scheduled_start_time"": 1663112700, ""series_id"": ""b0fb492940584b82986a10426cd3c5a5"", ""so'"
455,"b'ld_out"": false, ""studio_peloton_id"": ""23e771ee4de24275ae1d6a74e4c49d8c"", ""title"": ""20 min Pop Ride"", ""total_ratings"": 0, ""total_'"
456,"b'in_progress_workouts"": 2, ""total_workouts"": 271638, ""vod_stream_url"": ""https://amd-vod.akamaized.net/classes/cycling/09-2022/657'"
457,"b'bc52dc9444ed99f8bdee1a85769a1/2/master.m3u8"", ""vod_stream_id"": ""657bc52dc9444ed99f8bdee1a85769a1-vod"", ""class_type_ids"": [""c87e2'"
458,"b'0095d80463db5ce04df7fe2b989""], ""difficulty_estimate"": 7.1862, ""overall_estimate"": 0.9931, ""availability"": {""is_available"": true,'"
459,"b' ""reason"": null}, ""explicit_rating"": 1, ""flags"": []}, ""created"": 1663158683, ""device_time_created_at"": 1663144283, ""strava_id"": '"
460,"b'null, ""fitbit_id"": null, ""effort_zones"": null, ""service_id"": null}], ""limit"": 100, ""page"": 0, ""total"": 18, ""count"": 18, ""page_co'"
461,"b'unt"": 1, ""show_previous"": false, ""show_next"": false, ""sort_by"": ""-created_at,-pk"", ""summary"": {""2022-12"": 5, ""2022-11"": 7, ""2022'"
462,"b'-10"": 3, ""2022-09"": 3}, ""aggregate_stats"": [], ""total_heart_rate_zone_durations"": {""heart_rate_z1_duration"": 0, ""heart_rate_z2_d'"
463,"b'uration"": 0, ""heart_rate_z3_duration"": 0, ""heart_rate_z4_duration"": 0, ""heart_rate_z5_duration"": 0}}'"
